b1,b3,b4,b5,b9a,b9b,b10a,b14a,b14b,b14c,b14d,b14e,b14f,b15,b16,b17,b18,b19,b20,b23,b24,b29,b30,b49,b50,b52a,b52b,b52c,b52d
27,1,1,25,4,,1,,,,,,,,,,,,,,,,,,,,,,
28,1,1,31,4,,1,,,,,,,,,,,,,,,,,,,,,,
28,1,1,32,2,,7,2,2,2,2,2,2,1,30,1,1,4,3,6,5,1,1,1,2,2,1,1,0
27,1,1,33,2,,7,1,2,2,2,2,2,1,39,1,1,2,3,888,,1,1,1,2,2,0,3,2
27,1,1,35,2,,1,2,1,1,2,2,2,1,32,1,1,2,3,5,4,2,2,1,3,1,1,1,4
27,1,1,36,2,,1,2,2,1,2,2,2,1,25,1,1,2,3,5,4,3,1,1,3,1,1,2,0
31,1,1,43,2,,,,,,,,,2,,,,,,,,,,,,,,,
28,1,1,44,4,,7,,,,,,,,,,,,,,,,,,,,,,
31,1,1,62,2,,1,2,2,1,2,2,2,1,66,2,1,2,3,100,3,1,1,,3,0,1,10,0
27,1,1,66,2,,2,2,2,1,2,2,2,1,41,1,1,2,3,5,4,4,3,888,2,7,3,0,1
30,1,1,67,2,,7,1,1,1,2,2,2,1,32,1,1,2,2,6,4,2,3,1,2,3,4,4,1
68,1,1,68,2,,7,2,1,1,2,2,2,1,45,1,1,2,3,5,3,2,1,1,3,3,5,0,0
31,1,1,69,2,,7,2,2,1,2,2,2,1,60,1,1,2,3,6,4,2,2,,3,3,2,6,4
30,1,1,70,2,,7,1,1,1,2,2,2,1,38,2,1,2,3,6,4,3,3,,2,2,5,1,3
28,1,1,71,2,,7,2,2,1,2,2,2,1,19,1,1,1,888,1,2,1,1,1,2,1,1,1,0
28,1,1,74,2,,7,2,2,1,2,2,2,1,30,1,1,2,3,6,3,1,2,200,2,2,5,2,1
30,1,1,76,3,,7,,,,,,,,,,,,,,,,,,,,,,
30,1,1,80,2,,7,2,2,1,2,2,2,1,29,2,1,2,2,6,4,2,1,1,2,2,3,0,0
30,1,1,86,4,,1,,,,,,,,,,,,,,,,,,,,,,
27,1,1,87,5,66,,,,,,,,,,,,,,,,,,,,,,,
27,1,1,101,2,,1,2,2,2,2,2,2,1,30,1,1,2,3,5,4,1,1,1,2,1,1,6,2
31,1,1,110,2,,7,2,2,2,2,2,2,1,28,2,1,2,2,100,100,1,1,,2,2,1,0,0
27,1,1,115,2,,7,2,1,2,2,2,2,1,56,1,1,2,3,888,,1,1,1,1,1,0,0,1
27,1,1,120,2,,7,2,2,2,2,2,2,1,35,1,1,4,3,5,4,1,1,1,2,1,0,3,1
31,1,1,135,1,,,,,,,,,,,,,,,,,,,,,,,,
28,1,1,160,2,,7,2,2,2,2,2,2,1,38,1,1,2,3,3,3,1,1,1,3,11,3,2,3
31,1,1,161,2,,8,2,2,2,2,2,2,1,32,2,2,1,2,5,4,1,1,,2,0,0,0,0
31,1,1,162,2,,1,1,1,1,2,2,2,1,50,1,1,2,3,5,3,1,2,,2,2,2,0,0
31,1,1,165,2,,1,1,1,1,2,2,2,1,19,2,1,2,3,6,4,2,2,,2,1,4,1,0
30,1,1,167,2,,7,2,1,1,2,2,2,1,34,1,1,2,3,6,4,2,1,1,1,2,0,3,1
28,1,1,168,2,,7,2,2,1,2,2,2,1,28,1,1,2,3,2,2,1,1,1,3,1,1,0,0
28,1,1,172,2,,1,2,2,1,2,2,1,1,35,1,2,2,1,6,1,3,2,1,2,3,3,30,10
30,1,1,177,2,,7,2,2,2,2,2,2,1,36,2,1,2,2,888,,999,999,,2,1,1,0,0
28,1,1,181,2,,7,2,2,2,2,2,2,1,26,2,1,2,3,3,4,1,1,,2,2,1,2,0
34,4,1,1,2,,1,2,2,2,2,2,2,1,27,2,1,2,2,6,4,1,2,1,3,0,1,0,1
29,4,1,2,2,,8,1,1,2,2,2,2,1,22,1,2,2,3,1,4,2,4,1,2,0,0,0,0
29,4,1,3,2,,1,2,2,1,2,2,2,1,26,1,1,2,3,6,4,4,2,1,2,1,0,1,2
34,4,1,5,2,,1,2,2,2,2,2,2,1,22,1,1,2,2,6,4,2,1,1,2,1,0,0,0
22,4,1,6,2,,7,2,2,2,2,2,2,1,28,1,1,2,3,3,3,2,2,1,2,2,2,0,0
26,4,1,7,2,,7,2,2,1,2,2,2,1,28,1,1,2,3,3,4,1,2,0.01,2,2,2,7,3
9,4,1,9,2,,20,2,2,2,2,2,1,1,29,1,1,2,3,3,1,5,2,,2,4,4,0,1
23,4,1,10,2,,1,2,2,2,2,2,2,1,19,2,1,2,2,6,1,2,1,1,2,9,5,9,3
22,4,1,11,2,,7,2,2,1,2,2,1,1,42,1,1,1,3,6,3,1,1,1,3,1,1,1,0
22,4,1,12,1,,,,,,,,,,,,,,,,,,,,,,,,
22,4,1,13,2,,7,2,2,1,2,2,1,1,32,1,1,1,3,6,4,1,1,100,2,2,2,0,0
34,4,1,15,2,,7,2,2,1,2,2,2,1,40,1,1,1,1,3,4,1,1,1,2,3,0,0,0
22,4,1,18,2,,2,2,2,1,2,2,2,1,32,2,1,2,3,6,888,1,1,10,2,5,3,3,1
29,4,1,19,2,,1,2,2,1,2,2,2,1,45,2,1,2,3,6,4,1,1,,2,2,4,3,6
23,4,1,21,2,,7,2,2,1,2,2,2,1,26,2,1,2,3,6,4,2,1,1,2,5,8,0,0
29,4,1,22,2,,7,2,2,1,2,2,2,1,25,1,1,2,3,6,2,3,2,1,2,2,4,6,6
23,4,1,23,2,,2,2,2,1,2,2,2,1,24,1,2,2,3,6,5,5,6,1,2,5,5,10,10
23,4,1,24,1,,,,,,,,,,,,,,,,,,,,,,,,
24,4,1,28,1,,,,,,,,,,,,,,,,,,,,,,,,
22,4,1,30,2,,1,2,2,1,2,2,1,1,26,1,1,1,3,6,2,2,1,1,2,4,4,7,2
29,4,1,37,2,,2,2,2,1,2,2,2,1,26,1,1,2,3,6,4,4,5,1,2,4,2,4,10
23,4,1,38,2,175,,,,,,,,,,,,,,,,,,,,,,,
24,4,1,41,2,,31,2,2,2,2,2,2,1,35,1,1,2,2,5,4,3,4,80,3,1,0,0,0
29,4,1,42,2,,2,2,2,1,2,2,2,1,28,1,1,2,3,1,4,4,5,1,1,3,5,8,12
23,4,1,48,2,,1,2,2,1,2,2,2,1,25,1,1,2,3,6,4,2,1,500,2,1,2,4,0
24,4,1,50,1,,,,,,,,,,,,,,,,,,,,,,,,
24,4,1,51,2,,25,2,2,2,2,2,2,1,44,2,1,1,2,5,3,2,1,5,2,0,1,8,1
26,4,1,53,2,,7,2,2,2,2,2,2,1,41,1,2,5,3,6,5,1,2,0.5,2,0,2,4,1
34,4,1,57,2,,1,2,2,2,2,2,2,1,32,2,1,1,3,3,4,2,3,1,1,1,1,0,0
23,4,1,58,1,,,,,,,,,,,,,,,,,,,,,,,,
24,4,1,59,2,,31,2,2,2,2,2,2,1,25,1,1,1,2,5,2,1,1,50,2,2,1,0,0
29,4,1,63,2,,1,,,,,,,,,,,,,,,,,,,,,,
34,4,1,64,2,,1,2,2,1,2,2,2,1,20,1,1,2,3,6,4,2,1,1,2,2,0,0,0
22,4,1,82,2,,7,2,2,1,2,2,2,1,23,1,1,1,3,6,3,1,1,1,2,2,1,0,1
26,4,1,83,2,,1,2,2,1,2,2,2,1,38,1,1,2,3,7,4,2,1,0.0015,3,0,3,1,1
34,4,1,85,2,,7,2,2,1,2,2,2,1,49,1,1,2,3,6,4,1,1,,1,2,0,0,0
23,4,1,89,1,,,,,,,,,,,,,,,,,,,,,,,,
24,4,1,90,1,,,,,,,,,,,,,,,,,,,,,,,,
22,4,1,91,2,,1,2,2,2,2,2,1,1,45,1,1,2,3,7,3,2,1,1,2,5,5,5,3
21,4,1,92,2,,20,2,2,2,2,2,2,1,20,2,1,2,2,6,2,1,1,1,1,0,1,1,3
26,4,1,93,2,,1,,,,,,,2,,,,,,,,,,,,,,,
24,4,1,94,1,,,,,,,,,,,,,,,,,,,,,,,,
24,4,1,95,2,,25,2,2,2,2,2,2,1,29,1,1,1,2,6,3,1,1,10,1,1,1,2,0
21,4,1,103,2,,1,2,2,2,2,2,2,1,43,1,1,1,3,100,3,3,2,1,2,22,10,30,10
21,4,1,106,2,,1,2,2,2,2,2,2,1,28,1,1,1,3,6,4,1,1,1,2,2,2,4,2
21,4,1,128,2,,1,2,2,2,2,2,2,1,28,1,1,2,2,6,4,2,3,1,1,2,1,1,3
34,4,1,133,1,,,,,,,,,,,,,,,,,,,,,,,,
22,4,1,137,1,,,,,,,,,,,,,,,,,,,,,,,,
21,4,1,140,2,,24,2,2,2,2,2,2,1,36,2,1,2,3,888,,1,1,0,1,0,1,1,0
21,4,1,146,2,,1,2,2,1,2,2,2,1,38,2,1,1,1,7,3,1,1,1,2,0,4,12,0
21,4,1,147,2,,17,2,2,2,2,2,2,1,23,1,1,1,3,3,4,4,5,888,1,1,1,2,1
21,4,1,148,1,,,,,,,,,,,,,,,,,,,,,,,,
23,4,1,149,2,,,,,,,,,,,,,,,,,,,,,,,,
26,4,1,156,5,888,,,,,,,,,,,,,,,,,,,,,,,
22,4,1,170,1,,,,,,,,,,,,,,,,,,,,,,,,
22,4,1,174,2,,7,2,2,1,2,2,1,1,28,1,1,2,3,6,3,4,2,1,2,7,4,1,0
22,4,1,175,2,,1,2,2,1,2,2,1,1,32,1,1,1,3,6,3,4,2,100,2,2,3,5,5
61,1,2,47,2,,7,2,2,2,2,2,2,1,27,2,1,9,3,888,,1,1,0.03,1,0,2,0,0
62,1,2,118,4,,1,,,,,,,,,,,,,,,,,,,,,,
68,1,2,122,2,,1,2,1,1,2,2,2,1,20,1,1,3,3,6,4,4,3,0.03,2,3,5,5,1
67,1,2,125,2,,7,2,2,1,2,2,2,1,35,1,1,2,2,100,4,4,2,0.001,2,6,12,19,11
67,1,2,127,5,202,,,,,,,,,,,,,,,,,,,,,,,
68,1,2,129,1,,,,,,,,,,,,,,,,,,,,,,,,
61,1,2,134,2,,7,,,,,,,2,,,,,,,,,,,,,,,
61,1,2,135,3,,2,,,,,,,,,,,,,,,,,,,,,,
65,1,2,136,2,,7,2,2,1,2,2,1,1,27,2,1,2,3,6,4,2,2,0.2,2,1,2,15,18
68,1,2,137,2,,7,2,2,1,2,2,2,1,22,2,1,2,3,5,4,4,3,1,2,28,15,30,25
61,1,2,139,2,,,,,,,,,2,,,,,,,,,,,,,,,
61,1,2,141,2,,31,1,1,1,2,2,1,1,38,2,1,2,3,100,4,1,2,0.02,3,3,5,8,4
61,1,2,144,2,,7,2,2,1,2,2,2,1,40,1,1,2,3,1,3,1,1,0.5,2,14,8,2,2
67,1,2,145,2,,7,2,2,1,2,2,2,1,22,1,1,4,3,5,4,3,2,0.01,2,5,7,27,9
65,1,2,146,2,,7,2,2,1,2,2,2,1,39,1,1,2,3,6,4,2,2,0.5,3,25,10,60,55
61,1,2,149,2,,7,2,2,1,2,2,2,1,45,2,2,5,3,888,,1,1,0.05,1,1,2,5,2
68,1,2,151,2,,7,2,1,1,2,2,2,1,30,1,1,2,3,5,4,6,4,0.04,2,5,12,9,5
68,1,2,152,2,,1,2,2,1,2,2,2,1,26,2,1,4,3,100,4,3,2,0.001,2,1,5,6,0
68,1,2,155,2,,7,2,2,1,2,2,2,1,20,2,1,2,3,100,3,3,1,0.01,2,0,3,5,3
62,1,2,159,2,,7,2,2,2,2,2,2,1,29,2,1,2,1,4,2,1,1,0.1,1,0,1,1,2
65,1,2,165,2,,7,2,2,1,2,2,2,1,30,2,1,2,3,1,4,2,1,0.2,1,2,5,15,20
67,1,2,170,2,,19,1,2,2,2,2,2,1,26,2,2,3,3,100,100,7,8,,2,20,12,100,60
65,1,2,171,2,,7,2,2,1,2,2,2,1,32,2,1,2,3,6,4,2,2,1,1,2,2,15,12
67,1,2,175,2,,5,1,1,2,2,2,2,1,42,1,1,2,3,6,1,6,7,0.02,2,20,30,80,100
65,1,2,176,2,,15,2,2,2,2,2,2,1,34,1,1,2,3,6,3,6,1,0.15,2,2,0,50,0
61,1,2,183,2,,31,2,2,2,2,2,2,1,35,1,1,2,3,6,2,4,4,0.04,2,15,20,20,50
62,1,2,185,2,,12,2,2,2,2,2,2,1,24,1,1,2,2,1,2,7,7,0.3,2,1,0,6,5
65,1,2,188,2,,7,2,2,1,2,2,2,1,26,1,1,2,3,1,4,2,1,1,2,2,1,10,8
62,1,2,195,2,,,,,,,,,2,,,,,,,,,,,,,,,
68,1,2,202,2,,31,2,2,2,2,2,2,1,28,2,1,1,3,100,100,10,10,0.5,2,12,20,100,95
62,1,2,208,2,,12,2,2,2,2,2,2,1,37,1,1,2,3,100,2,3,3,1,2,2,0,3,5
65,1,2,209,2,,31,2,2,2,2,2,2,1,24,1,1,2,2,6,5,1,2,0.5,2,0,0,0,0
62,1,2,211,2,,7,2,2,1,2,2,2,1,26,2,1,2,2,7,2,5,4,1,3,15,12,50,15
67,1,2,240,2,,18,2,2,2,2,2,2,1,35,2,1,2,3,7,1,9,10,1,3,50,120,400,500
67,1,2,245,2,,18,2,2,2,2,2,2,1,20,2,2,4,3,5,3,4,6,2,2,2,12,50,100
62,1,2,248,2,,12,2,2,2,2,2,2,1,29,2,1,2,3,100,4,5,3,0.6,3,0,1,30,50
70,4,2,3,2,,1,2,2,2,2,2,2,1,20,2,1,2,3,6,3,2,1,888,1,1,4,6,1
70,4,2,5,2,,1,2,2,2,2,2,2,1,27,2,1,2,3,6,4,2,2,1,2,2,2,3,3
70,4,2,6,2,,1,2,2,1,2,2,2,1,28,2,1,2,3,5,1,6,4,1,1,1,1,2,0
70,4,2,8,2,,1,2,2,1,2,2,2,1,40,2,1,2,3,6,2,4,5,1,1,1,2,20,8
70,4,2,9,2,,2,2,2,1,2,2,2,1,25,2,1,3,3,6,3,1,1,1,2,4,3,15,8
70,4,2,11,2,,7,2,2,2,2,2,2,1,29,2,1,2,3,6,3,2,1,,2,1,2,15,2
73,4,2,13,2,,7,2,2,2,2,2,2,1,24,2,1,1,3,5,3,1,1,,2,3,6,0,0
78,4,2,15,2,,1,2,2,1,2,2,2,1,30,1,1,2,3,100,2,3,2,1,3,8,6,22,2
70,4,2,17,2,,1,2,2,1,2,2,2,1,32,1,1,2,3,7,4,6,7,1,3,3,1,9,0
78,4,2,18,2,,7,2,2,1,2,2,2,1,43,1,1,2,3,100,3,2,2,1,3,11,8,5,3
78,4,2,22,2,,1,2,1,2,2,2,2,1,27,1,1,2,3,6,2,3,2,1,2,3,7,21,15
77,4,2,23,2,,7,2,2,1,2,2,2,1,40,1,1,2,2,6,4,3,2,0.05,2,2,3,16,10
73,4,2,25,2,,18,1,1,2,2,2,1,1,32,1,1,1,3,100,1,4,5,0.5,2,40,50,70,80
78,4,2,31,2,,5,2,2,2,2,2,2,1,30,2,1,2,1,100,2,3,2,1,2,3,5,7,3
72,4,2,32,2,,7,2,2,2,2,2,2,1,23,1,1,2,2,6,4,3,2,2,2,2,4,3,0
71,4,2,33,2,,7,2,2,1,2,2,2,1,18,2,1,1,3,6,3,2,2,1,2,1,2,5,1
73,4,2,34,2,,7,2,1,1,2,2,2,1,30,2,2,3,3,2,1,2,1,1,2,2,5,20,8
78,4,2,36,2,,1,2,2,1,2,2,2,1,29,2,1,4,3,100,3,2,3,1,1,0,5,15,8
72,4,2,37,2,,7,2,2,1,1,2,2,1,42,1,1,2,3,7,3,1,1,1,3,4,4,2,2
73,4,2,39,2,,1,2,1,2,2,2,2,1,35,1,2,1,3,100,2,2,1,888,2,2,3,15,5
73,4,2,43,2,,7,2,2,1,2,2,2,1,30,1,1,1,3,1,3,2,1,0.5,2,5,10,11,18
77,4,2,50,2,,7,2,2,1,2,2,2,1,26,1,1,1,1,5,3,3,3,0.06,2,1,2,0,0
69,4,2,52,2,,1,2,2,1,2,2,1,1,51,2,1,2,3,100,4,1,1,1,2,2,2,30,20
73,4,2,54,2,,7,2,2,2,2,2,2,1,35,1,2,1,3,7,1,1,2,1.5,2,1,0,0,0
77,4,2,55,2,,18,2,2,2,2,2,2,1,40,1,1,2,3,100,1,10,10,1,2,3000,2500,2000,1500
77,4,2,61,2,,31,2,2,2,2,2,2,1,37,2,1,1,3,6,3,2,2,1,3,1,1,0,0
72,4,2,62,2,,7,2,2,2,2,2,2,1,47,1,1,2,3,6,4,1,1,1,3,2,2,0,0
72,4,2,63,2,,1,2,2,1,2,2,2,1,30,2,1,2,3,5,4,1,999,,2,0,1,0,0
77,4,2,64,2,,1,2,2,1,2,2,2,1,41,1,1,2,3,7,1,4,1,1,3,1,1,7,2
72,4,2,66,2,,7,2,2,2,2,2,2,1,51,1,1,2,3,6,4,1,1,0.2,3,1,2,0,0
77,4,2,69,2,,1,2,2,2,2,2,2,1,44,2,1,2,3,100,3,2,1,888,3,1,1,2,2
73,4,2,71,2,,7,1,1,1,2,1,2,1,20,1,2,1,3,100,4,1,1,1,2,3,3,5,6
72,4,2,74,2,,1,2,2,1,2,2,2,1,50,2,1,2,3,7,3,3,1,3,2,0,3,14,3
71,4,2,76,2,,7,2,2,1,2,2,2,1,25,1,1,1,2,7,4,3,2,888,1,2,1,5,10
73,4,2,77,2,,1,1,2,1,2,2,2,1,26,2,1,1,3,6,3,2,1,0.5,3,4,9,6,3
72,4,2,78,2,,2,2,2,1,2,2,2,1,26,1,1,2,3,5,3,1,1,1,2,4,3,4,4
78,4,2,82,2,,7,2,2,2,2,2,2,1,35,1,1,2,1,6,2,2,1,1,1,2,2,1,2
70,4,2,84,5,202,,,,,,,,,,,,,,,,,,,,,,,
70,4,2,86,2,,1,2,2,2,2,2,2,1,29,1,1,2,2,6,4,2,2,1,2,2,1,7,0
77,4,2,87,2,,7,2,2,2,2,2,2,1,65,1,1,2,3,1,3,1,1,1,1,1,2,0,0
77,4,2,89,2,,7,2,2,1,2,2,2,1,24,1,1,2,2,6,3,4,4,,3,2,5,10,5
72,4,2,90,2,,7,2,2,2,2,2,2,1,23,2,1,2,3,1,4,1,1,2,2,1,3,0,0
72,4,2,91,2,,2,2,2,2,2,2,2,1,28,2,1,2,3,5,5,4,3,2,2,2,2,0,0
69,4,2,93,4,,25,,,,,,,,,,,,,,,,,,,,,,
73,4,2,94,2,,18,2,2,1,2,2,2,1,30,1,1,1,3,1,1,3,3,0.5,1,20,40,30,15
69,4,2,96,2,,2,2,2,2,2,2,2,1,22,1,1,2,3,7,3,1,1,1,2,3,2,50,30
69,4,2,99,2,,15,2,2,2,2,2,2,1,19,1,1,2,3,100,1,2,3,1,2,2,0,40,25
71,4,2,101,2,,1,2,2,2,2,2,2,1,30,1,1,2,3,100,2,2,2,888,2,1,2,4,10
78,4,2,106,2,,7,2,2,2,2,2,2,1,30,2,1,2,3,6,2,1,1,1,1,0,3,1,0
77,4,2,110,2,,15,2,2,2,2,2,2,1,26,1,1,2,3,100,100,7,2,0.02,3,1,0,55,5
70,4,2,123,2,,1,2,2,2,2,2,2,1,39,1,1,2,2,7,1,888,888,,1,2,3,20,10
78,4,2,124,2,,1,2,2,2,2,2,2,1,32,1,1,2,3,7,2,3,2,1,2,2,4,15,8
78,4,2,194,2,,20,1,1,2,2,2,2,1,29,1,1,2,1,100,1,4,2,1,2,4,5,12,6
71,4,2,215,2,,1,2,2,1,2,2,2,1,24,2,1,1,3,100,3,1,1,1,3,0,1,0,3
69,4,2,217,2,,7,2,2,1,2,2,2,1,20,1,1,2,3,6,4,2,3,1,2,2,3,5,5
69,4,2,218,2,,1,2,2,2,2,2,2,1,46,2,1,2,3,100,3,1,1,1,2,0,1,20,15
71,4,2,220,4,,1,,,,,,,,,,,,,,,,,,,,,,
71,4,2,221,2,,7,2,2,2,2,2,2,1,54,2,1,2,3,100,1,3,2,,2,0,2,0,0
71,4,2,223,2,,31,2,2,1,2,2,2,1,39,2,1,1,3,100,4,2,2,0.02,3,1,1,7,2
71,4,2,224,2,,1,2,2,2,2,2,2,1,25,2,1,1,2,4,3,2,2,888,2,0,1,15,3
69,4,2,234,2,,7,2,2,2,2,2,2,1,27,1,1,2,3,6,3,1,1,1,2,7,8,20,10
69,4,2,237,2,,7,2,2,2,2,2,2,1,42,2,1,2,3,100,100,2,2,1,2,2,1,15,9
71,4,2,239,2,,1,2,2,2,2,2,2,1,40,1,1,1,3,6,1,2,2,1,3,0,1,6,4
69,4,2,243,2,,1,2,2,1,2,2,2,1,36,1,1,2,3,100,4,1,2,1,2,2,1,20,10
125,2,3,4,2,,1,2,2,2,2,2,2,1,28,2,1,1,3,6,3,2,1,1,2,0,1,1,0
124,2,3,7,2,,16,2,2,2,2,2,2,1,25,1,1,2,3,6,2,4,2,1,2,3,0,10,1
121,2,3,8,2,,31,1,1,1,2,2,2,1,38,1,1,3,3,1,1,1,2,0.5,2,5,3,15,30
122,2,3,18,5,20,,,,,,,,,,,,,,,,,,,,,,,
124,2,3,19,2,,1,2,2,2,2,2,2,1,25,2,1,2,3,6,100,1,4,1,1,3,2,1,0
125,2,3,20,2,,1,2,2,2,2,2,2,1,26,2,1,2,3,6,1,2,1,,1,0,1,3,1
123,2,3,22,2,,1,2,2,1,2,2,2,1,25,2,1,1,3,6,3,1,1,0.1,3,0,1,10,0
123,2,3,23,5,114,,,,,,,,,,,,,,,,,,,,,,,
124,2,3,25,2,,1,2,2,2,2,2,2,1,20,2,2,1,3,3,1,1,1,1,3,1,1,20,1
123,2,3,27,5,19,,,,,,,,,,,,,,,,,,,,,,,
125,2,3,34,2,,1,2,2,1,2,2,2,1,51,1,1,2,3,5,2,1,1,1,2,1,1,6,4
125,2,3,35,5,115,,,,,,,,,,,,,,,,,,,,,,,
121,2,3,36,2,,31,,,,,,,2,,,,,,,,,,,,,,,
121,2,3,37,2,,31,2,1,1,2,2,2,1,54,1,1,2,3,7,2,1,2,0.5,2,1,0,0,0
122,2,3,41,2,,18,2,2,2,2,2,1,1,48,1,2,5,3,4,1,4,5,1,2,8,3,0,0
125,2,3,42,5,4,,,,,,,,,,,,,,,,,,,,,,,
122,2,3,48,2,,1,2,2,2,2,2,2,1,30,2,1,2,2,4,1,5,1,1,3,0,1,0,0
123,2,3,49,2,,1,2,2,2,2,2,2,1,40,2,1,1,2,5,4,2,1,0.1,2,3,2,2,0
125,2,3,53,5,137,,,,,,,,,,,,,,,,,,,,,,,
105,2,3,55,2,,5,1,1,1,2,2,2,1,35,1,1,2,2,3,1,8,8,1,2,20,10,20,9
124,2,3,76,2,,1,2,2,1,2,2,2,1,31,1,2,2,3,6,5,4,2,1,2,2,1,2,1
124,2,3,105,1,,,,,,,,,,,,,,,,,,,,,,,,
123,2,3,110,1,,,,,,,,,,,,,,,,,,,,,,,,
124,2,3,114,2,,1,2,2,1,2,2,2,1,28,1,1,2,3,6,5,4,5,1,2,2,2,23,10
125,2,3,115,2,,1,2,2,2,2,2,2,1,38,2,1,2,3,7,2,2,2,1,2,0,1,16,23
124,2,3,123,1,,,,,,,,,,,,,,,,,,,,,,,,
121,2,3,124,2,,1,2,2,2,2,2,2,1,23,2,1,5,1,7,3,3,2,0.5,2,0,1,2,0
123,2,3,127,2,,20,2,2,2,2,2,2,1,26,1,1,2,2,100,100,2,1,0.5,3,2,1,5,1
123,2,3,128,2,,2,2,2,2,2,2,2,1,20,2,1,2,1,7,2,1,1,0.05,3,0,1,10,5
121,2,3,131,4,,1,,,,,,,,,,,,,,,,,,,,,,
125,2,3,137,2,,1,2,2,2,2,2,2,1,56,1,1,2,3,7,2,2,1,2,2,0,0,2,0
123,2,3,143,2,,21,2,2,2,2,2,2,1,23,1,1,2,1,100,100,1,1,0.5,2,2,0,1,0
122,2,3,145,2,,1,2,2,2,2,2,2,1,40,1,1,1,3,100,2,4,1,2,3,1,2,3,1
122,2,3,147,2,,1,2,2,2,2,2,2,1,67,1,1,2,3,100,100,2,1,2,3,2,2,5,3
122,2,3,148,2,,1,2,2,2,2,2,2,1,32,2,1,2,2,4,2,6,1,1,2,0,1,3,0
122,2,3,153,2,,1,2,2,2,2,2,2,1,18,1,1,1,2,3,1,1,1,1,2,2,1,2,2
125,2,3,155,5,20,,,,,,,,,,,,,,,,,,,,,,,
123,2,3,184,2,,1,2,2,2,2,2,2,1,25,1,1,2,3,5,4,3,2,200,3,1,4,1,0
104,4,3,2,2,,5,2,2,2,2,2,2,1,38,1,1,7,3,6,1,6,5,0.1,1,30,20,5,2
104,4,3,5,1,,,,,,,,,,,,,,,,,,,,,,,,
105,4,3,11,5,60,,,,,,,,,,,,,,,,,,,,,,,
101,4,3,13,2,,20,2,2,2,2,2,2,1,30,2,1,1,3,100,1,1,1,1,3,0,1,0,0
101,4,3,15,2,,7,2,2,2,2,2,2,1,24,1,1,1,3,100,4,2,1,,2,1,0,0,2
105,4,3,16,2,,7,,,,,,,2,,,,,,,,,,,,,,,
105,4,3,17,2,,7,,,,,,,2,,,,,,,,,,,,,,,
101,4,3,21,2,,1,2,2,2,2,2,2,1,21,2,1,1,888,7,3,1,1,1,1,0,1,3,2
102,4,3,26,2,,7,2,2,2,2,2,2,1,23,2,1,1,2,6,4,2,1,,2,3,2,2,0
105,4,3,30,2,,1,2,2,2,2,2,2,1,23,2,1,2,1,888,,888,888,888,2,1,1,2,0
105,4,3,38,2,,20,2,2,2,2,2,2,1,20,2,1,2,3,5,3,1,1,,1,2,2,1,0
102,4,3,39,2,,1,2,2,2,2,2,2,1,38,2,1,1,3,6,1,2,2,0,2,0,2,3,2
102,4,3,40,3,,16,,,,,,,,,,,,,,,,,,,,,,
102,4,3,47,2,,1,2,2,2,2,2,2,1,42,1,1,1,3,6,2,2,1,0.1,2,1,0,5,1
105,4,3,54,2,,1,1,2,2,2,2,2,1,22,2,1,2,1,1,3,1,1,1,2,0,1,1,0
102,4,3,56,2,,1,2,2,1,2,2,2,1,52,1,1,1,2,6,2,2,2,1,2,1,0,2,2
103,4,3,57,2,,1,2,2,2,2,2,2,1,44,1,1,2,3,3,1,1,1,1,3,1,1,13,0
105,4,3,60,2,,7,2,2,1,2,2,2,1,28,2,1,2,3,888,,888,888,1,2,1,1,1,0
104,4,3,65,2,,20,,,,,,,2,,,,,,,,,,,,,,,
105,4,3,66,2,,7,2,2,2,2,2,2,1,36,2,1,2,3,3,2,1,1,1,3,0,3,0,1
105,4,3,67,2,,31,2,2,2,2,2,2,1,25,2,1,2,3,6,1,3,1,1,2,3,4,17,2
101,4,3,69,2,,7,1,1,1,2,2,2,1,24,1,1,1,3,5,4,2,1,1,2,5,0,5,2
102,4,3,70,2,,1,2,2,2,2,2,2,1,20,1,1,1,1,6,1,2,2,15,2,1,1,7,3
105,4,3,73,2,,1,1,2,1,2,2,1,1,54,1,1,2,3,6,4,3,3,1,3,0,0,1,0
102,4,3,77,1,,,,,,,,,,,,,,,,,,,,,,,,
102,4,3,80,3,,19,,,,,,,,,,,,,,,,,,,,,,
104,4,3,82,4,,7,,,,,,,,,,,,,,,,,,,,,,
101,4,3,85,2,,1,2,2,2,2,2,2,1,19,2,1,1,888,100,3,888,888,,2,0,1,7,1
102,4,3,86,3,,1,,,,,,,,,,,,,,,,,,,,,,
102,4,3,87,2,,1,2,2,2,2,2,2,1,28,2,1,1,2,6,2,2,2,0,2,0,1,10,6
104,4,3,96,2,,1,2,2,2,2,2,2,1,23,2,1,2,3,6,3,1,1,,1,0,3,0,0
103,4,3,100,2,,1,2,2,2,2,2,2,1,23,2,1,1,3,1,4,2,2,1,3,1,1,20,7
103,4,3,103,2,,1,2,2,2,2,2,2,1,24,2,1,1,1,5,3,2,2,1,3,0,2,20,4
104,4,3,104,2,,1,2,2,2,2,2,2,1,23,2,1,2,3,6,3,1,1,1,1,0,1,0,0
101,4,3,107,1,,,,,,,,,,,,,,,,,,,,,,,,
101,4,3,108,1,,,,,,,,,,,,,,,,,,,,,,,,
103,4,3,109,1,,,,,,,,,,,,,,,,,,,,,,,,
105,4,3,117,2,,1,2,2,2,2,2,2,1,28,1,1,2,2,3,1,1,1,1,2,1,0,0,0
101,4,3,119,2,,1,2,2,2,2,2,2,1,36,2,1,2,3,7,2,1,1,1,2,0,1,2,3
101,4,3,120,2,,1,2,2,2,2,2,2,1,34,2,1,2,3,7,2,1,1,,2,1,1,4,1
101,4,3,121,5,120,,,,,,,,,,,,,,,,,,,,,,,
102,4,3,129,2,,1,2,2,2,2,2,2,1,31,1,2,3,2,6,2,2,2,1,2,12,0,12,0
104,4,3,134,2,,1,2,2,2,2,2,1,1,60,1,2,2,3,1,100,3,1,1,3,1,1,10,1
104,4,3,135,4,,19,,,,,,,,,,,,,,,,,,,,,,
102,4,3,138,3,,18,,,,,,,,,,,,,,,,,,,,,,
103,4,3,139,2,,1,2,2,2,2,2,2,1,42,2,1,1,3,6,4,1,1,1,3,0,1,5,4
101,4,3,140,1,,,,,,,,,,,,,,,,,,,,,,,,
103,4,3,141,2,,1,2,2,2,2,2,2,1,27,2,1,2,3,6,1,1,1,1,3,0,1,0,15
103,4,3,142,1,,,,,,,,,,,,,,,,,,,,,,,,
103,4,3,151,1,,,,,,,,,,,,,,,,,,,,,,,,
103,4,3,160,2,,16,2,2,2,2,2,2,1,23,1,1,2,3,7,3,1,1,0,2,2,0,2,0
103,4,3,162,2,,1,2,2,2,2,2,2,1,19,2,1,1,1,1,1,1,1,1,2,1,2,10,2
104,4,3,163,2,,20,2,2,2,2,2,2,1,19,1,1,2,3,100,100,888,888,,1,5,0,0,0
105,4,3,164,2,,1,2,2,2,2,2,2,1,38,1,1,2,2,3,2,1,1,1,2,2,1,4,1
103,4,3,165,2,,16,2,1,2,2,2,2,1,27,2,1,2,3,6,3,1,1,0,3,1,1,10,0
102,4,3,166,2,,16,2,2,2,2,2,2,1,34,1,1,1,2,6,1,1,1,,2,1,1,2,0
104,4,3,168,2,,20,2,2,2,2,2,2,1,40,2,2,1,2,100,2,2,2,,1,0,1,0,0
101,4,3,172,2,,1,2,2,2,2,2,2,1,21,1,1,1,888,7,3,1,1,2,2,0,2,0,0
104,4,3,174,1,,,,,,,,,,,,,,,,,,,,,,,,
104,4,3,175,2,,1,2,2,2,2,2,2,1,22,2,1,1,3,100,3,2,2,,1,0,2,10,2
102,4,3,176,2,,20,2,2,2,2,2,2,1,39,2,1,1,3,6,1,1,1,1,2,0,1,1,0
104,4,3,181,4,,20,,,,,,,,,,,,,,,,,,,,,,
161,1,4,2,2,,1,2,2,1,2,2,2,1,30,2,1,1,1,4,4,4,1,1,2,0,2,2,0
161,1,4,3,1,,,,,,,,,,,,,,,,,,,,,,,,
169,1,4,4,2,,1,2,2,1,2,2,2,1,40,1,2,4,2,6,4,4,2,1,2,0,2,0,0
162,1,4,5,2,,7,1,1,1,2,2,2,1,36,2,1,3,3,4,4,4,2,,2,20,16,5,7
168,1,4,6,7,,2,2,2,2,2,2,2,1,35,2,1,2,3,5,2,1,1,888,2,1,3,1,1
162,1,4,7,2,,7,1,1,1,2,2,2,1,48,2,1,2,3,5,2,1,2,,2,12,20,6,8
167,1,4,8,2,,18,2,2,2,2,2,2,1,41,1,1,5,3,3,2,888,888,1,1,0,0,0,0
167,1,4,10,3,,7,,,,,,,,,,,,,,,,,,,,,,
167,1,4,11,2,,1,2,2,2,2,2,2,1,19,2,1,2,1,6,2,1,1,1,2,0,1,1,0
162,1,4,12,2,,1,1,1,1,2,2,1,1,25,1,1,2,3,6,3,3,2,,2,10,12,4,6
169,1,4,13,4,,32,,,,,,,,,,,,,,,,,,,,,,
168,1,4,14,2,,7,1,1,1,2,2,1,1,39,1,1,2,3,6,3,4,4,888,2,12,8,1,2
161,1,4,16,2,,1,2,2,2,2,2,2,1,43,1,1,2,3,6,4,3,1,1,2,3,3,4,2
161,1,4,17,2,,1,2,2,1,2,2,2,1,27,1,1,2,2,7,3,3,888,1,2,2,0,5,0
166,1,4,18,2,,1,2,2,1,2,2,2,1,30,1,1,2,3,7,3,2,1,2,3,2,2,10,0
168,1,4,19,2,,7,2,1,2,2,2,2,1,60,2,1,2,3,2,3,2,1,888,1,0,3,1,1
166,1,4,20,2,,7,2,2,2,2,2,2,1,36,1,1,2,3,888,,1,1,1,2,2,7,4,2
169,1,4,21,3,,,,,,,,,,,,,,,,,,,,,,,,
169,1,4,22,2,,1,2,2,1,2,2,2,1,27,2,1,3,3,6,3,2,1,1,2,0,3,6,1
165,1,4,23,7,,,,,,,,,,,,,,,,,,,,,,,,
169,1,4,24,2,,1,2,1,1,2,2,2,1,28,1,1,3,2,6,4,2,2,1,2,1,3,5,0
169,1,4,25,2,,1,2,2,2,2,2,2,1,30,2,1,2,1,6,4,3,2,1,1,8,2,2,1
165,1,4,26,2,,1,1,1,1,2,2,2,1,58,1,1,2,3,6,4,1,1,0.1,2,2,0,1,0
165,1,4,28,1,,,,,,,,,,,,,,,,,,,,,,,,
167,1,4,31,7,,,,,,,,,,,,,,,,,,,,,,,,
166,1,4,32,2,,,,,,,,,,,,,,,,,,,,,,,,
167,1,4,33,2,,7,2,2,1,2,2,2,1,26,2,1,4,888,888,,2,2,1,2,0,1,0,1
162,1,4,37,2,,7,1,1,1,2,2,1,1,30,2,1,2,3,6,3,4,4,,2,18,26,8,6
161,1,4,38,2,,2,2,2,1,2,2,2,1,40,1,2,4,3,6,5,6,4,1,2,1,2,5,3
168,1,4,39,5,117,,,,,,,,,,,,,,,,,,,,,,,
168,1,4,40,2,,7,2,2,2,2,2,2,1,31,2,1,2,3,3,5,1,1,888,1,0,2,1,0
168,1,4,41,2,,1,2,2,1,2,2,2,1,40,2,1,2,3,3,3,2,1,888,1,0,2,0,1
166,1,4,42,2,,1,2,2,2,2,2,2,1,39,2,1,2,3,2,4,1,1,1,2,0,1,8,1
162,1,4,43,2,,1,1,1,2,2,2,2,1,30,1,2,4,1,1,2,1,1,,1,1,1,1,1
168,1,4,44,5,107,,,,,,,,,,,,,,,,,,,,,,,
169,1,4,47,2,,,,,,,,,,,,,,,,,,,,,,,,
166,1,4,48,2,,7,2,2,2,2,2,2,1,40,1,1,2,3,2,5,1,1,1,2,1,0,1,0
161,1,4,49,2,,1,2,2,1,2,2,2,1,33,2,1,2,1,5,4,2,2,1,2,0,2,4,2
162,1,4,51,2,,1,1,1,1,2,2,2,1,36,1,1,2,3,1,1,1,1,,2,2,6,2,2
161,1,4,52,2,,1,2,2,1,2,2,2,1,22,1,1,1,2,6,4,2,1,1,2,2,0,5,3
162,1,4,53,2,,5,2,2,2,2,2,1,1,36,1,1,1,3,5,1,5,4,,2,0,0,0,0
166,1,4,54,2,,1,2,2,2,2,2,2,1,27,2,1,2,3,6,4,3,1,1,2,1,1,10,0
161,1,4,56,2,,18,2,2,1,2,2,2,1,50,1,1,2,3,7,2,6,7,1,2,70,80,100,140
166,1,4,68,5,70,,,,,,,,,,,,,,,,,,,,,,,
167,1,4,69,2,,1,2,2,1,2,2,1,1,20,1,1,2,1,7,1,2,2,1,2,1,0,1,0
167,1,4,70,2,,7,2,2,1,2,2,1,1,35,2,1,2,3,5,4,1,1,1,2,2,8,1,0
166,1,4,71,2,,1,2,2,2,2,2,2,1,40,1,1,2,3,7,3,1,1,2,2,0,1,15,1
167,1,4,72,2,,13,2,2,2,2,2,2,1,28,1,1,4,1,5,4,888,888,1,1,6,2,0,0
164,1,4,81,2,,1,2,2,1,2,2,2,1,45,2,1,1,2,1,3,1,1,3,3,0,1,0,0
164,1,4,82,2,,7,1,2,2,2,2,2,1,36,1,1,1,3,5,100,1,1,1,2,2,0,4,0
165,1,4,84,2,,1,2,1,1,2,2,2,1,39,2,1,2,3,7,4,1,1,0.1,2,3,4,0,1
164,1,4,85,5,22,,,,,,,,,,,,,,,,,,,,,,,
164,1,4,100,2,,7,2,2,1,2,2,2,1,45,2,1,1,3,6,2,2,1,,3,0,2,1,1
163,1,4,104,4,,31,,,,,,,,,,,,,,,,,,,,,,
163,1,4,105,2,,21,2,2,2,2,2,2,1,26,1,1,2,3,6,1,2,6,,2,2,0,2,0
173,1,4,107,2,,7,2,2,1,2,2,2,1,45,2,1,2,3,6,5,2,1,0.12,2,0,1,0,0
164,1,4,108,2,,23,2,2,2,2,2,1,1,52,2,1,2,3,100,1,1,1,,3,7,23,0,0
165,1,4,109,2,,1,2,2,1,2,2,2,1,45,1,1,1,3,6,3,2,1,0.2,2,1,1,1,1
165,1,4,110,2,,17,2,2,2,2,2,2,1,35,2,1,2,3,6,2,1,1,0.1,2,0,2,0,0
163,1,4,111,2,,13,1,2,1,2,2,2,1,26,1,1,2,3,6,888,2,3,,1,20,2,10,1
163,1,4,112,7,,,,,,,,,,,,,,,,,,,,,,,,
163,1,4,113,1,,,,,,,,,,,,,,,,,,,,,,,,
163,1,4,114,4,,1,,,,,,,,,,,,,,,,,,,,,,
165,1,4,115,2,,15,2,2,1,2,2,2,1,32,1,1,2,3,6,4,3,1,1,2,4,1,1,0
164,1,4,116,2,,1,2,2,2,2,2,2,1,30,2,1,3,2,100,4,1,1,,3,0,1,8,1
164,1,4,117,2,,1,2,2,1,2,2,2,1,38,2,1,1,3,6,4,3,1,1,3,1,2,21,0
150,3,4,29,2,,2,2,2,2,2,2,2,1,26,1,1,2,3,7,3,2,2,1,2,6,6,1,1
30,3,4,30,2,,1,2,2,2,2,2,2,1,32,2,1,2,3,7,3,1,1,,1,0,2,0,1
142,3,4,34,2,,1,2,2,1,2,2,2,1,20,2,1,2,1,6,4,2,1,0.3,2,0,1,0,1
141,3,4,35,2,,1,2,2,2,2,2,2,1,21,2,1,1,1,5,2,2,1,1,2,0,1,1,0
141,3,4,57,2,,1,2,2,2,2,2,2,1,39,2,1,1,2,7,2,1,1,1,2,0,1,1,0
150,3,4,58,2,,7,2,1,2,2,2,2,1,48,1,2,3,3,3,3,1,1,1,2,1,1,1,1
146,3,4,59,2,,27,2,1,1,2,2,2,1,43,1,2,4,3,888,,1,1,1,3,1,2,0,0
144,3,4,60,2,,1,2,2,2,2,2,2,1,46,2,1,2,1,7,3,1,1,1,1,0,3,1,0
142,3,4,61,2,,7,2,1,1,2,2,2,1,23,1,1,2,3,5,3,1,1,0.5,2,1,1,1,1
150,3,4,62,2,,7,2,2,1,2,2,2,1,36,2,1,1,888,6,3,2,2,1,2,2,5,1,1
145,3,4,63,1,,,,,,,,,,,,,,,,,,,,,,,,
144,3,4,64,2,,1,2,2,2,2,2,2,1,18,2,1,2,1,6,4,1,2,1,2,0,2,1,0
65,3,4,65,2,,1,2,2,1,2,2,2,1,35,2,1,2,3,7,3,1,1,,2,1,3,1,0
146,3,4,66,2,,27,2,2,1,2,2,2,1,49,1,1,1,3,6,3,3,5,1,3,0,2,0,0
145,3,4,67,2,,7,2,2,1,2,2,2,1,23,1,1,1,2,999,,1,1,1,2,1,0,1,0
141,3,4,74,1,,,,,,,,,,,,,,,,,,,,,,,,
149,3,4,76,2,,20,2,2,2,2,2,2,1,40,2,1,2,3,3,100,1,1,,1,0,2,0,0
141,3,4,77,2,,1,2,2,2,2,2,2,1,34,1,1,1,1,7,3,1,1,1,2,1,1,0,0
149,3,4,78,4,,1,,,,,,,,,,,,,,,,,,,,,,
145,3,4,80,2,,1,2,2,2,2,2,2,1,73,1,1,1,3,5,3,2,1,888,2,2,0,1,0
142,3,4,86,2,,1,2,2,2,2,2,2,1,27,2,1,2,3,6,4,2,1,0.2,2,0,2,0,1
144,3,4,87,2,,1,2,2,2,2,2,2,1,23,2,1,2,3,3,1,5,3,1,2,2,2,1,1
149,3,4,88,2,,1,2,2,2,2,2,2,1,36,2,1,1,1,6,100,1,1,0.3,2,2,1,0,0
145,3,4,89,2,,1,2,2,2,2,2,2,1,24,2,1,1,1,6,3,2,1,,2,0,2,0,1
149,3,4,90,5,78,,,,,,,,,,,,,,,,,,,,,,,
150,3,4,91,2,,1,2,2,2,2,2,2,1,31,1,1,1,1,7,3,1,2,1,2,1,0,0,0
145,3,4,93,4,,1,,,,,,,,,,,,,,,,,,,,,,
146,3,4,94,7,,,,,,,,,,,,,,,,,,,,,,,,
146,3,4,97,2,,1,2,2,1,2,2,2,1,32,2,1,2,3,6,3,888,888,1,2,0,2,0,5
142,3,4,98,2,,7,2,2,1,2,2,2,1,19,2,1,2,3,5,4,2,2,1,2,0,4,0,1
142,3,4,99,2,,7,2,2,1,2,2,2,1,25,1,1,2,3,7,3,4,1,0.4,2,2,3,1,1
150,3,4,101,2,,1,2,2,2,2,2,2,1,22,2,1,1,2,7,3,4,1,,2,1,2,1,1
141,3,4,102,2,,5,2,2,2,2,2,2,1,33,1,2,3,3,6,1,2,1,1,1,1,0,0,0
146,3,4,103,2,,27,2,2,1,2,2,2,1,38,2,1,1,3,6,3,1,1,1,3,0,1,0,0
182,1,5,4,2,,15,2,2,2,2,2,2,1,48,1,1,2,1,6,2,2,2,1,1,1,0,1,0
189,1,5,6,2,,18,2,2,1,2,2,1,1,28,2,1,2,3,3,2,4,6,1,2,5,96,5,235
183,1,5,7,2,,7,2,2,1,2,2,2,1,25,1,1,1,2,5,4,2,2,3,2,10,8,12,7
182,1,5,9,2,,18,2,2,2,2,2,2,1,52,2,1,1,3,7,4,7,7,1,2,120,100,50,50
11,1,5,10,5,51,,,,,,,,,,,,,,,,,,,,,,,
11,1,5,12,1,,,,,,,,,,,,,,,,,,,,,,,,
183,1,5,15,2,,14,2,2,2,2,2,2,1,41,2,1,1,3,6,2,4,2,1,1,8,3,0,1
182,1,5,16,2,,17,2,2,2,2,2,2,1,19,2,1,2,1,7,2,1,1,,1,0,3,0,1
183,1,5,17,2,,26,2,2,2,2,2,2,1,32,1,1,3,3,6,2,5,3,1,1,9,12,3,4
182,1,5,18,2,,7,2,2,2,2,2,2,1,27,1,1,1,2,5,2,3,2,1,2,2,2,1,0
183,1,5,23,1,,,,,,,,,,,,,,,,,,,,,,,,
183,1,5,25,2,,1,2,1,1,2,2,2,1,23,1,1,1,3,100,4,3,2,5,2,6,2,9,2
11,1,5,26,2,,18,,,,,,,2,,,,,,,,,,,,,,,
186,1,5,28,1,,,,,,,,,,,,,,,,,,,,,,,,
184,1,5,29,1,,,,,,,,,,,,,,,,,,,,,,,,
184,1,5,31,2,,16,2,2,2,2,2,2,1,30,2,1,1,3,888,,1,1,0.3,1,1,1,0,0
181,1,5,32,4,,16,,,,,,,,,,,,,,,,,,,,,,
189,1,5,33,2,,10,2,2,1,2,2,1,1,42,1,1,3,3,1,1,6,7,1,2,12,3,23,38
186,1,5,35,2,,15,2,2,2,2,2,2,1,35,1,1,2,3,5,2,4,3,,2,2,0,1,0
184,1,5,38,2,,7,2,2,1,2,2,2,1,18,1,1,2,3,5,3,2,1,0.3,2,3,3,1,0
187,1,5,40,2,,7,2,2,1,2,2,2,1,65,1,1,2,3,5,4,3,888,2,1,4,8,1,0
188,1,5,41,2,,7,2,2,1,2,2,2,1,30,1,1,2,3,888,,1,1,0.3,2,2,0,1,0
189,1,5,42,2,,31,2,2,2,2,2,2,1,29,1,1,2,3,3,3,5,888,1,2,12,2,80,50
182,1,5,44,2,,1,2,1,1,2,2,2,1,37,1,1,2,3,5,4,3,2,1,2,1,3,1,1
11,1,5,46,2,,31,,,,,,,2,,,,,,,,,,,,,,,
189,1,5,50,2,,1,2,2,1,2,2,2,1,23,2,2,2,2,3,4,1,1,1,1,1,1,0,0
189,1,5,51,2,,10,2,2,1,2,2,1,1,30,1,1,2,3,3,1,3,1,1,2,5,2,25,34
185,1,5,52,2,,7,2,2,2,2,2,2,1,30,1,1,2,3,3,4,888,888,1,1,1,1,1,0
187,1,5,53,2,,7,2,2,2,2,2,2,1,20,1,1,2,2,5,2,5,6,,2,2,2,1,0
181,1,5,56,2,,27,2,2,2,2,2,2,1,19,1,2,1,3,6,2,5,3,888,1,8,2,1,3
186,1,5,58,2,,31,2,2,2,2,2,2,1,39,1,1,2,1,2,2,5,5,,2,1,0,1,0
181,1,5,59,2,,1,2,2,2,2,2,2,1,45,1,1,1,3,100,3,2,2,,1,3,5,1,1
185,1,5,60,2,,31,2,2,2,2,2,2,1,20,1,1,2,888,5,2,1,1,1,2,2,0,1,0
188,1,5,62,5,67,14,2,2,2,2,2,2,1,24,2,1,1,1,6,2,3,2,3,2,0,0,0,0
186,1,5,65,2,,16,2,2,2,2,2,2,1,40,2,1,2,3,3,2,4,3,,2,0,2,0,1
187,1,5,66,2,,7,2,2,2,2,2,2,1,25,2,1,2,2,4,1,888,888,,2,1,2,0,1
188,1,5,67,2,,10,2,2,2,2,2,2,1,30,1,1,1,3,1,1,2,1,0.25,2,12,3,1,0
185,1,5,68,2,,1,2,2,2,2,2,2,1,20,1,1,1,1,6,4,1,1,,2,1,1,0,0
184,1,5,69,2,,31,2,2,2,2,2,2,1,46,1,2,2,3,5,100,3,1,0.2,2,1,0,1,0
185,1,5,70,1,,31,,,,,,,2,,,,,,,,,,,,,,,
186,1,5,71,2,,1,1,1,1,2,2,2,1,45,1,1,1,3,5,4,4,3,,2,3,6,1,0
184,1,5,74,1,,,,,,,,,,,,,,,,,,,,,,,,
181,1,5,75,2,,1,2,2,2,2,2,2,1,30,1,1,2,2,1,4,2,2,,1,1,1,5,2
181,1,5,77,2,,7,2,2,2,2,2,2,1,50,1,1,1,2,5,3,2,2,1,1,3,5,2,2
188,1,5,78,1,,,,,,,,,,,,,,,,,,,,,,,,
187,1,5,83,2,,31,2,2,2,2,2,2,1,43,1,1,2,3,1,2,888,888,,2,4,3,12,0
188,1,5,85,2,,18,2,2,2,2,2,2,1,39,2,1,2,3,6,1,4,6,0.2,2,4,50,0,1
187,1,5,88,2,,15,2,2,2,2,2,2,1,30,1,1,7,2,100,3,888,888,0.5,2,1,0,1,0
185,1,5,89,2,,1,2,2,1,2,2,2,1,34,2,1,2,3,5,4,1,1,1,2,0,2,1,0
187,1,5,91,1,,,,,,,,,,,,,,,,,,,,,,,,
185,1,5,92,5,67,10,2,2,2,2,2,2,1,34,1,1,2,3,1,1,7,6,1,2,1,0,1,0
181,1,5,94,2,,10,2,2,2,2,2,2,1,22,1,1,2,3,5,1,5,7,1,1,50,45,100,150
188,1,5,95,2,,23,2,2,2,2,2,2,1,42,1,1,1,3,100,1,1,2,0.5,2,15,8,0,1
11,1,5,98,4,,20,,,,,,,,,,,,,,,,,,,,,,
186,1,5,99,2,,7,2,2,2,2,2,2,1,34,2,1,2,3,5,3,5,4,,2,2,4,1,2
183,1,5,100,2,,1,,,,,,,2,,,,,,,,,,,,,,,
189,1,5,101,2,,20,2,2,2,2,2,2,1,40,2,1,2,3,3,1,1,1,1,2,0,3,0,1
184,1,5,103,2,,7,2,2,1,2,2,2,1,38,2,1,2,3,888,,1,1,0.25,1,1,1,1,0
183,1,5,104,2,,18,2,2,2,2,2,2,1,50,2,1,2,3,3,1,1,5,0,2,7,27,4,47
189,1,5,105,2,,22,2,2,2,2,2,1,1,49,1,1,3,3,7,1,2,4,1,2,1,0,1,0
182,1,5,106,2,,21,2,2,2,2,2,2,1,33,1,1,1,3,3,2,3,2,1,2,1,1,1,1
11,1,5,135,7,,,,,,,,,,,,,,,,,,,,,,,,
201,4,5,107,2,,1,2,2,2,2,2,2,1,60,1,1,2,3,4,1,2,1,1,3,2,1,17,2
203,4,5,108,2,,1,2,2,2,2,2,2,1,32,1,1,1,3,6,4,2,1,2,2,1,3,0,0
203,4,5,109,2,,1,2,2,2,2,2,2,1,24,1,1,2,3,6,4,2,2,1,2,1,1,4,0
203,4,5,110,2,,31,2,2,2,2,2,2,1,23,2,1,2,3,7,2,3,2,1,1,0,1,30,15
207,4,5,111,2,,10,2,2,1,2,2,2,1,47,1,1,1,3,6,2,4,2,1,2,4,2,19,12
201,4,5,112,2,,1,2,2,2,2,2,2,1,47,1,1,2,3,4,3,2,1,1,2,2,0,9,1
202,4,5,113,2,,15,2,2,2,2,2,2,1,21,1,1,2,2,100,3,3,1,1,2,1,0,20,5
203,4,5,119,2,,1,2,2,2,2,2,2,1,32,1,1,1,3,6,5,3,2,1,2,2,6,3,0
202,4,5,120,2,,31,2,2,2,2,2,2,1,70,1,1,1,3,6,3,2,1,1,2,1,0,4,1
204,4,5,121,2,,20,2,2,2,2,2,2,1,27,2,1,1,2,100,1,1,1,1,2,2,2,5,1
207,4,5,122,2,,1,2,2,2,2,2,1,1,34,1,1,2,3,6,2,1,1,1,2,1,0,6,0
202,4,5,124,2,,31,2,2,2,2,2,2,1,53,1,1,2,3,100,3,1,1,1,2,1,1,7,1
207,4,5,128,2,,12,2,2,1,2,2,1,1,30,1,1,2,3,100,100,4,1,1,2,5,1,11,2
204,4,5,129,2,,7,2,2,2,2,2,2,1,24,1,1,1,3,5,100,5,3,1,2,1,2,5,1
201,4,5,130,5,130,,,,,,,,,,,,,,,,,,,,,,,
205,4,5,133,2,,31,2,2,2,2,2,2,1,25,2,1,2,3,1,100,3,2,0.3,2,1,1,5,1
205,4,5,137,2,,31,2,2,2,2,2,2,1,26,1,2,2,1,100,100,4,4,2,2,1,0,15,0
203,4,5,139,2,,31,2,2,2,2,2,2,1,30,2,1,2,1,4,2,1,1,1,1,0,2,1,0
207,4,5,140,2,,7,2,2,2,2,2,2,1,36,1,1,1,3,888,,4,888,1,2,1,1,4,3
202,4,5,141,2,,1,2,2,2,2,2,2,1,26,2,1,2,3,100,3,1,1,0.5,2,1,1,6,0
203,4,5,145,2,,1,2,2,2,2,2,2,1,20,1,1,2,3,4,5,2,1,,2,2,2,3,0
201,4,5,146,5,150,,,,,,,,,,,,,,,,,,,,,,,
204,4,5,147,2,,1,2,2,1,2,2,2,1,48,1,1,1,3,6,2,1,1,1,2,1,1,0,0
201,4,5,149,5,152,,,,,,,,,,,,,,,,,,,,,,,
201,4,5,150,2,,7,2,2,1,2,2,2,1,28,1,1,2,3,6,3,1,1,1,2,2,0,1,0
201,4,5,151,5,109,,,,,,,,,,,,,,,,,,,,,,,
203,4,5,152,2,,1,2,2,2,2,2,2,1,45,1,1,2,2,6,4,3,2,1,2,4,2,3,0
207,4,5,154,2,,1,2,2,1,2,2,2,1,35,1,1,1,3,6,3,4,2,1,2,1,3,2,4
205,4,5,155,2,,1,2,2,2,2,2,2,1,43,2,1,1,1,100,3,2,888,5,1,0,1,0,1
204,4,5,158,2,,1,2,2,2,2,2,2,1,38,1,1,2,3,5,2,2,1,1,2,1,0,2,0
202,4,5,160,5,158,,,,,,,,,,,,,,,,,,,,,,,
202,4,5,172,2,,31,2,2,2,2,2,2,1,31,2,1,1,3,888,,1,1,0.02,3,0,1,3,0
204,4,5,173,5,158,,,,,,,,,,,,,,,,,,,,,,,
205,4,5,177,2,,20,2,2,2,2,2,2,1,39,2,1,2,3,100,1,2,1,0.3,1,1,2,6,3
204,4,5,178,2,,23,2,2,2,2,2,2,1,56,2,1,1,888,5,1,3,1,2,2,0,0,0,0
205,4,5,180,2,,1,2,2,1,2,2,2,1,24,2,1,1,3,100,3,2,2,24,2,1,5,1,0
202,4,5,183,4,,31,,,,,,,,,,,,,,,,,,,,,,
267,1,7,5,2,,7,2,2,1,2,2,2,1,22,2,1,2,1,5,4,6,5,,2,2,4,4,3
263,1,7,7,3,,1,,,,,,,,,,,,,,,,,,,,,,
266,1,7,8,4,,7,,,,,,,,,,,,,,,,,,,,,,
263,1,7,30,2,,1,2,2,2,2,2,2,1,31,1,1,1,2,6,3,1,1,1,2,1,1,3,2
262,1,7,35,2,,1,2,2,1,2,2,2,1,26,1,1,1,3,5,4,2,1,0.02,3,1,1,1,0
39,1,7,39,3,,7,,,,,,,,,,,,,,,,,,,,,,
264,1,7,44,2,,1,2,2,2,2,2,2,1,22,2,2,5,2,4,3,2,2,3,1,3,2,4,1
265,1,7,47,2,,1,2,2,2,2,2,2,1,31,2,1,2,3,5,3,3,1,1,2,0,3,2,0
262,1,7,53,2,,7,2,2,2,2,2,2,1,28,2,1,3,3,2,1,1,1,0.03,2,0,2,0,0
263,1,7,54,2,,8,2,2,1,2,2,2,1,34,1,1,2,3,5,3,3,2,1,2,6,0,15,220
263,1,7,59,2,,1,2,2,1,2,2,2,1,23,2,1,1,1,6,3,1,1,1,2,0,3,0,0
266,1,7,60,2,,1,2,2,1,2,2,2,1,30,2,1,2,1,6,4,2,2,1,2,0,2,1,0
265,1,7,64,2,,7,2,2,1,2,2,2,1,30,2,1,2,1,5,3,1,1,1,2,0,1,0,0
264,1,7,65,2,,7,2,2,1,2,2,1,1,30,1,1,2,3,6,2,2,2,100,2,2,4,8,0
262,1,7,73,2,,7,2,2,2,2,2,2,1,26,1,1,1,3,6,1,2,1,0.01,3,3,2,1,2
266,1,7,75,2,,7,2,2,2,2,2,2,1,38,1,1,2,3,7,4,1,1,1,2,1,0,0,0
268,1,7,76,2,,7,2,2,2,2,2,2,1,27,1,1,2,2,6,4,2,2,1,2,2,3,5,10
262,1,7,79,2,,1,2,2,1,2,2,2,1,43,2,1,2,3,6,3,1,1,0.002,2,1,1,2,0
267,1,7,81,2,,7,2,2,1,2,2,2,1,36,2,1,2,3,6,2,1,1,1,2,1,2,1,2
267,1,7,83,2,,7,2,2,1,2,2,2,1,21,2,1,2,3,6,3,1,1,,2,1,2,1,1
261,1,7,88,5,11,,,,,,,,,,,,,,,,,,,,,,,
261,1,7,93,2,,14,2,1,2,2,2,2,1,29,1,1,2,3,7,2,5,3,,2,10,0,13,0
268,1,7,94,2,,1,2,2,2,2,2,2,1,26,2,1,1,3,6,2,1,1,1,2,2,5,2,1
261,1,7,95,2,,1,2,2,2,2,2,2,1,31,1,1,2,3,6,2,3,1,1,2,1,0,0,0
263,1,7,96,2,,8,2,2,2,2,2,2,1,26,2,2,2,3,6,4,2,3,,2,0,3,12,14
261,1,7,97,2,,1,2,2,2,2,2,2,1,28,2,1,2,3,5,3,2,1,1,2,0,1,4,0
266,1,7,98,4,,1,,,,,,,,,,,,,,,,,,,,,,
266,1,7,100,2,,7,2,2,2,1,2,2,1,42,2,1,2,3,3,4,1,1,1,2,0,1,0,0
268,1,7,101,2,,7,2,2,2,2,2,2,1,35,2,1,1,2,100,3,1,1,,2,0,1,0,1
268,1,7,105,2,,1,2,2,2,2,2,2,1,27,2,1,1,1,6,2,4,4,1,2,3,4,3,4
266,1,7,111,2,,1,2,2,1,2,2,2,1,20,2,1,2,3,6,4,1,1,1,2,0,2,0,0
265,1,7,116,2,,7,2,2,1,2,2,2,1,22,1,1,2,2,6,2,1,1,1,2,3,2,0,1
264,1,7,120,4,,1,,,,,,,,,,,,,,,,,,,,,,
264,1,7,124,2,,1,2,2,2,2,2,2,1,34,1,1,2,2,2,2,2,2,2,2,1,1,1,0
265,1,7,128,1,,,,,,,,,,,,,,,,,,,,,,,,
262,1,7,132,2,,31,2,2,2,2,2,2,1,28,1,1,2,3,100,100,3,5,0.03,2,3,4,8,11
264,1,7,135,4,,1,,,,,,,,,,,,,,,,,,,,,,
261,1,7,136,2,,31,2,2,2,2,2,2,1,40,1,1,1,1,5,1,2,1,,2,1,0,0,0
285,3,7,1,2,,7,2,2,2,2,2,2,1,42,1,1,2,3,3,3,1,1,1,2,2,1,2,3
287,3,7,2,5,52,,,,,,,,,,,,,,,,,,,,,,,
284,3,7,6,2,,7,2,2,2,2,2,2,1,30,1,1,1,2,5,2,2,2,0,2,2,3,2,3
281,3,7,9,2,,,,,,,,,2,,,,,,,,,,,,,,,
284,3,7,11,2,,7,2,2,2,2,2,2,1,40,2,1,2,3,6,5,2,2,0,2,1,6,4,3
283,3,7,15,2,,7,2,1,1,2,2,2,1,28,1,1,2,1,6,1,3,1,1,2,11,15,3,4
283,3,7,16,2,,7,2,2,2,2,2,2,1,30,2,2,1,3,4,2,1,1,1,1,1,1,1,1
288,3,7,17,2,,7,2,2,1,2,2,2,1,25,2,1,1,1,6,3,2,1,,2,0,1,1,4
282,3,7,18,2,,16,2,2,2,2,2,2,1,35,2,1,2,1,5,3,1,1,1,1,1,1,0,0
288,3,7,19,2,,7,2,2,2,2,2,2,1,33,2,1,1,1,888,,1,1,2,2,0,2,0,0
282,3,7,20,1,,,,,,,,,,,,,,,,,,,,,,,,
282,3,7,21,2,,7,2,2,2,2,2,2,1,35,2,1,2,3,3,4,1,1,1,2,0,2,0,3
283,3,7,22,2,,1,2,2,2,2,2,2,1,38,2,1,1,3,6,4,1,1,1,2,1,1,1,1
281,3,7,23,2,,7,2,2,1,2,2,2,1,32,1,1,2,3,6,3,1,1,1,2,1,2,3,1
286,3,7,24,2,,7,2,2,2,2,2,2,1,20,2,1,2,1,7,1,2,2,,2,1,1,0,0
283,3,7,25,2,,7,2,2,1,2,2,1,1,30,1,1,1,1,6,3,3,4,1,2,15,15,3,3
283,3,7,26,2,,7,2,1,1,2,2,2,1,36,1,1,2,3,7,4,3,1,1,2,8,6,3,2
282,3,7,27,1,,,,,,,,,,,,,,,,,,,,,,,,
281,3,7,28,1,,,,,,,,,,,,,,,,,,,,,,,,
287,3,7,29,1,,,,,,,,,,,,,,,,,,,,,,,,
283,3,7,31,2,,1,2,2,1,2,2,2,1,48,1,1,2,3,6,4,1,1,1,3,1,3,1,1
288,3,7,32,2,,7,2,2,2,2,2,2,1,64,2,1,1,3,6,2,1,1,,2,0,1,0,0
287,3,7,38,2,,1,2,2,2,2,2,2,1,28,1,1,1,2,6,4,4,1,,2,1,3,1,0
281,3,7,42,2,,7,2,2,2,2,2,2,1,31,1,1,2,3,6,2,1,1,1,2,2,1,0,0
287,3,7,45,2,,7,2,2,1,2,2,2,1,25,2,1,1,3,7,4,2,1,1,2,0,1,0,1
286,3,7,46,2,,1,2,2,2,2,2,2,1,29,2,1,2,1,1,1,2,3,,2,0,3,0,0
287,3,7,48,2,,1,2,2,2,2,2,2,1,27,2,1,1,2,6,100,4,1,1,2,0,411,0,1
284,3,7,50,2,,1,2,2,2,2,2,2,1,20,2,1,1,2,2,3,1,1,0,2,0,1,0,0
287,3,7,51,2,,1,2,2,1,2,2,2,1,23,1,1,1,3,6,3,4,1,,2,3,6,1,0
281,3,7,52,2,,7,2,2,2,2,2,2,1,35,1,1,1,3,6,3,1,1,1,2,1,1,0,0
287,3,7,55,2,,7,2,2,2,2,2,2,1,28,2,1,1,3,6,3,2,1,,2,1,4,0,2
282,3,7,56,2,,1,2,2,2,2,2,2,1,42,2,1,2,3,6,2,2,2,,2,2,2,1,1
282,3,7,57,2,,7,2,2,2,2,2,2,1,42,2,1,2,3,5,2,1,1,1,2,1,1,3,3
283,3,7,62,2,,31,1,1,2,2,2,2,1,40,1,1,2,3,5,2,8,4,15,1,6,3,1,2
285,3,7,66,2,,7,2,2,2,2,2,2,1,32,2,1,2,3,6,1,2,2,1,2,0,1,2,3
288,3,7,69,2,,7,2,2,2,2,2,2,1,32,2,1,2,3,6,1,1,1,,2,0,0,0,2
288,3,7,70,2,,7,2,2,1,2,2,2,1,22,1,1,2,3,6,4,1,1,,2,1,0,0,0
281,3,7,71,2,,7,2,2,2,2,2,2,1,45,2,1,1,3,6,3,1,1,1,2,0,1,1,0
281,3,7,72,2,,7,2,2,2,2,2,2,1,41,2,1,2,3,7,3,1,1,1,2,1,1,0,1
284,3,7,74,2,,1,2,2,2,2,2,2,1,38,2,1,1,3,6,2,1,2,0,2,1,2,0,0
287,3,7,80,2,,7,2,2,2,2,2,2,1,26,2,1,1,3,100,100,2,2,,2,3,5,2,0
288,3,7,86,1,,,,,,,,,,,,,,,,,,,,,,,,
286,3,7,89,2,,1,2,2,1,2,2,2,1,40,2,1,2,3,6,2,2,3,,2,0,2,1,0
281,3,7,90,2,,7,2,2,2,2,2,2,1,33,2,1,2,3,6,3,3,2,1,2,0,3,3,2
286,3,7,91,5,16,,,,,,,,,,,,,,,,,,,,,,,
285,3,7,92,2,,7,2,2,2,2,2,2,1,50,1,1,2,3,6,3,1,1,2,2,1,2,4,0
282,3,7,102,3,,1,,,,,,,,,,,,,,,,,,,,,,
286,3,7,103,3,,1,,,,,,,,,,,,,,,,,,,,,,
286,3,7,104,2,,1,2,2,2,2,2,2,1,20,2,1,2,1,6,1,1,2,888,2,0,1,1,1
282,3,7,108,2,,2,2,2,2,2,2,2,1,28,1,1,4,888,5,1,1,1,1,2,4,3,2,3
283,3,7,112,2,,1,2,2,2,2,2,2,1,47,2,1,1,3,6,3,1,1,1,2,1,1,1,1
286,3,7,113,2,,7,2,2,2,2,2,2,1,26,1,1,2,3,6,1,1,1,2,2,1,1,1,1
286,3,7,114,2,,1,2,1,1,2,2,2,1,28,1,1,4,888,2,1,2,2,,2,4,3,2,3
284,3,7,117,5,102,,,,,,,,,,,,,,,,,,,,,,,
285,3,7,118,2,,17,2,2,2,2,2,2,1,30,1,1,2,3,6,2,1,1,,2,2,3,2,1
285,3,7,119,1,,,,,,,,,,,,,,,,,,,,,,,,
288,3,7,122,2,,1,2,2,2,2,2,2,1,18,2,1,2,3,6,1,3,1,,2,0,2,0,3
284,3,7,126,2,,7,2,2,2,2,2,2,1,26,2,1,2,3,5,4,2,2,,2,1,2,1,1
284,3,7,130,1,,,,,,,,,,,,,,,,,,,,,,,,
285,3,7,140,2,,7,2,2,2,2,2,2,1,25,2,1,1,3,7,4,1,1,,2,1,6,0,0
285,3,7,144,2,,7,2,2,2,2,2,2,1,45,2,1,2,3,6,2,1,1,1,2,1,0,0,0
285,3,7,145,2,,7,2,2,2,2,2,2,1,39,2,1,2,3,2,3,1,1,1,2,1,4,1,1
344,1,9,12,2,,7,2,2,1,2,2,2,1,55,1,1,2,3,5,3,1,1,1,2,1,0,0,0
344,1,9,13,3,,1,,,,,,,,,,,,,,,,,,,,,,
14,1,9,14,2,,1,2,2,1,2,2,2,1,34,2,1,2,2,100,3,6,3,1,2,0,11,3,1
344,1,9,19,4,,1,,,,,,,,,,,,,,,,,,,,,,
344,1,9,20,2,,1,2,2,1,2,2,2,1,27,1,1,2,1,6,100,1,1,1,2,1,5,0,0
344,1,9,21,3,,7,,,,,,,,,,,,,,,,,,,,,,
345,1,9,26,3,,7,,,,,,,,,,,,,,,,,,,,,,
345,1,9,28,2,,7,2,2,2,2,2,2,1,39,1,1,2,2,6,3,1,1,1.5,2,2,1,0,0
345,1,9,30,1,,,,,,,,,,,,,,,,,,,,,,,,
345,1,9,35,2,,7,2,2,2,2,2,2,1,20,1,1,2,1,4,3,1,1,1,2,5,1,4,0
345,1,9,37,5,53,,,,,,,,,,,,,,,,,,,,,,,
345,1,9,41,2,,24,2,2,2,2,2,2,1,38,2,1,2,3,6,1,3,4,,2,12,5,2,1
362,1,9,46,5,41,,,,,,,,,,,,,,,,,,,,,,,
431,1,9,52,2,,7,2,2,2,2,2,2,1,24,1,1,2,1,5,3,1,1,1,2,1,2,4,1
348,1,9,53,2,,7,2,2,1,2,2,2,1,35,1,1,3,3,2,4,2,1,1,2,4,4,0,0
348,1,9,55,2,,7,2,2,2,2,2,2,1,21,1,1,2,3,1,5,1,1,1,2,1,1,0,0
348,1,9,57,2,,1,2,2,1,2,2,2,1,21,2,1,4,2,5,5,5,3,1,2,0,6,0,0
363,1,9,59,2,,1,2,1,1,2,2,2,1,21,2,1,2,3,6,4,3,2,1,1,1,0,1,6
348,1,9,62,3,,1,,,,,,,,,,,,,,,,,,,,,,
431,1,9,63,2,,1,2,2,2,2,2,2,1,28,1,1,2,3,6,5,4,1,1,2,2,4,0,0
431,1,9,64,2,,12,2,2,2,2,2,2,1,26,1,1,2,1,3,4,2,1,1,2,10,0,0,0
431,1,9,65,2,,7,2,2,2,2,2,2,1,24,2,1,3,3,7,3,2,1,1,2,2,4,2,0
431,1,9,69,2,,7,2,2,1,2,2,2,1,35,2,1,2,3,5,4,4,4,1,2,15,15,8,5
431,1,9,74,2,,11,2,2,2,2,2,2,1,49,2,1,1,1,3,1,1,1,1,2,1,0,0,0
431,1,9,78,2,,5,2,2,2,2,2,2,1,38,1,1,6,2,2,3,3,1,1,2,0,0,0,0
346,1,9,85,2,,2,2,2,1,2,2,2,1,32,1,1,1,1,6,5,5,5,1,2,3,1,0,2
436,1,9,88,2,,1,2,2,2,2,2,2,1,29,2,1,3,3,5,4,1,1,500,2,1,2,5,1
346,1,9,89,2,,1,2,2,2,2,2,2,1,31,2,1,1,1,888,,1,1,500,2,0,1,0,0
342,1,9,91,1,,,,,,,,,,,,,,,,,,,,,,,,
361,3,9,1,2,,1,2,2,2,2,2,2,1,26,2,1,2,3,5,4,4,5,888,2,0,3,0,1
367,3,9,2,2,,1,2,2,2,2,2,2,1,33,2,1,2,3,5,4,5,6,888,1,3,6,1,0
361,3,9,3,2,,7,2,2,2,2,2,2,1,40,1,1,2,3,5,3,3,3,888,2,2,5,1,0
361,3,9,4,2,,31,2,2,2,2,2,2,1,45,2,1,2,3,5,3,2,2,888,1,1,5,1,1
361,3,9,5,2,,7,2,2,2,2,2,2,1,25,1,1,2,3,4,3,2,2,888,2,1,2,1,0
367,3,9,6,2,,7,2,2,2,2,2,2,1,35,2,1,2,3,5,5,2,2,888,2,0,2,0,1
367,3,9,7,2,,7,2,2,2,2,2,2,1,24,2,1,2,3,6,4,3,4,888,2,0,6,1,1
367,3,9,8,2,,1,2,1,1,2,2,2,1,30,1,1,2,3,5,4,3,4,888,2,1,4,2,0
367,3,9,9,2,,20,2,2,2,2,2,2,1,24,2,1,2,3,4,1,2,2,,1,3,6,1,1
367,3,9,10,2,,1,2,2,2,2,2,2,1,26,2,1,2,3,5,3,2,3,888,1,2,3,1,1
368,3,9,11,2,,1,2,2,1,2,2,2,1,30,2,1,2,2,3,1,2,1,0,2,1,2,10,0
368,3,9,15,2,,1,2,1,1,2,2,2,1,30,2,1,4,3,6,4,4,1,0,2,3,7,10,3
368,3,9,16,2,,31,2,1,2,2,2,2,1,26,1,1,3,888,5,3,2,2,1,2,15,0,6,8
368,3,9,17,2,,1,2,2,1,2,2,2,1,46,1,1,2,888,888,,1,1,0,2,0,1,0,0
368,3,9,18,1,,,,,,,,,,,,,,,,,,,,,,,,
369,3,9,22,2,,7,2,2,2,2,2,2,1,52,2,1,2,3,7,2,1,1,0,2,1,3,0,2
369,3,9,23,2,,7,2,2,2,2,2,2,1,23,2,1,2,888,4,100,4,2,0,2,4,4,5,1
369,3,9,24,1,,,,,,,,,,,,,,,,,,,,,,,,
369,3,9,25,2,,7,2,2,2,2,2,2,1,30,1,1,2,3,7,1,2,1,1,2,4,5,3,1
369,3,9,27,2,,16,2,2,2,2,2,2,1,45,1,1,4,888,888,,1,1,0,2,1,1,0,0
366,3,9,29,2,,7,2,2,2,2,2,2,1,36,2,1,2,3,5,3,2,2,888,3,2,2,18,20
366,3,9,31,2,,1,2,2,2,2,2,2,1,28,2,1,2,3,5,3,1,1,,2,0,1,6,3
366,3,9,32,2,,7,2,1,1,2,2,2,1,25,1,1,2,3,4,3,2,1,888,3,3,4,20,5
366,3,9,33,2,,1,2,2,2,2,2,2,1,26,2,1,2,3,6,3,1,1,,2,0,1,5,10
364,3,9,34,2,,1,1,2,1,2,2,2,1,60,1,1,2,3,1,3,3,3,888,2,1,0,3,2
365,3,9,36,2,,1,2,2,2,2,2,2,1,50,2,1,2,3,100,888,,,1,3,1,1,5,4
365,3,9,38,2,,2,2,2,2,2,2,2,1,41,2,1,2,3,6,3,2,2,888,3,0,3,20,15
365,3,9,39,2,,2,2,1,1,2,2,2,1,37,1,1,2,3,6,4,2,1,888,3,2,4,20,8
365,3,9,40,2,,7,2,2,2,2,2,2,1,37,2,1,2,3,4,3,2,2,888,3,2,6,12,5
365,3,9,42,2,,1,2,2,1,2,2,2,1,42,2,1,2,3,5,3,4,3,888,2,0,4,50,25
362,3,9,43,2,,1,2,2,2,2,2,2,1,25,2,1,2,3,5,4,3,2,23,1,0,3,25,37
362,3,9,44,2,,7,2,2,2,2,2,2,1,22,1,1,1,3,7,4,1,1,8,2,2,1,25,17
362,3,9,45,2,,7,2,1,1,2,2,2,1,27,1,1,2,3,1,4,1,1,5,2,2,2,11,8
362,3,9,47,2,,1,2,2,2,2,2,2,1,35,2,1,2,2,6,4,4,3,3,2,2,5,6,0
348,3,9,48,2,,2,2,2,1,2,2,1,1,30,1,1,2,1,5,3,5,1,1,2,4,4,20,4
370,3,9,49,2,,1,2,2,2,2,2,2,1,40,2,1,1,2,7,2,1,1,11,1,1,1,24,28
370,3,9,50,2,,1,2,2,2,2,2,2,1,32,2,1,2,3,4,1,3,2,20,1,0,3,37,48
370,3,9,51,2,,1,2,2,2,2,2,2,1,38,2,1,2,3,1,2,3,2,16,1,1,3,120,83
370,3,9,54,2,,1,2,2,2,2,2,2,1,45,2,1,2,3,1,1,3,1,15,1,2,5,32,16
370,3,9,56,2,,1,2,2,2,2,2,2,1,46,2,1,2,3,6,4,4,3,4,1,2,5,45,35
363,3,9,58,3,,1,,,,,,,,,,,,,,,,,,,,,,
363,3,9,60,2,,1,2,2,1,2,2,2,1,45,2,1,2,3,3,4,2,2,0,1,0,1,0,8
363,3,9,61,2,,7,2,2,2,2,2,2,1,23,1,1,2,3,3,4,1,1,1,1,2,6,2,6
363,3,9,66,7,,,,,,,,,,,,,,,,,,,,,,,,
364,3,9,67,2,,1,2,2,1,2,2,2,1,32,1,1,2,3,6,4,2,2,5,1,1,2,1,2
364,3,9,68,2,,7,2,2,1,2,2,2,1,26,1,1,2,2,4,4,1,1,888,2,4,2,4,2
364,3,9,70,2,,7,1,1,1,1,1,1,1,21,1,1,2,3,1,5,1,1,1,1,2,1,2,1
364,3,9,71,2,,1,2,2,2,2,2,2,1,34,1,1,2,3,5,3,1,1,1,1,1,0,1,0
366,3,9,72,5,72,,,,,,,,,,,,,,,,,,,,,,,
347,3,9,73,2,,8,2,2,2,2,2,2,1,22,2,1,2,3,5,4,1,1,1,2,0,0,3,7
347,3,9,75,2,,5,2,2,2,2,2,2,1,31,2,1,2,3,5,3,2,2,1,2,0,0,5,10
347,3,9,76,2,,7,2,2,2,2,2,2,1,36,2,1,2,2,6,3,1,1,1,2,0,3,14,3
347,3,9,77,2,,1,2,2,2,2,2,2,1,30,2,1,3,2,5,3,1,1,,2,0,2,8,1
347,3,9,79,2,,1,2,2,2,2,2,2,1,27,2,1,2,2,5,4,1,1,1,2,1,3,7,2
349,3,9,80,2,,7,2,2,2,2,2,2,1,27,1,1,2,2,5,4,2,1,1,2,4,8,1,0
349,3,9,81,2,,1,2,2,2,2,2,2,1,34,2,1,2,3,6,2,1,1,110,2,0,2,1,1
349,3,9,82,2,,7,2,2,2,2,2,2,1,25,1,1,2,2,5,3,1,1,110,2,0,2,1,0
349,3,9,83,2,,1,2,2,2,2,2,2,1,37,2,1,2,1,1,2,1,1,1,2,0,1,0,1
349,3,9,84,2,,7,2,2,2,2,2,2,1,45,1,1,2,3,4,3,3,1,1,2,1,0,1,0
342,3,9,86,2,,7,2,2,2,2,2,2,1,19,1,1,2,2,4,3,2,1,1,2,1,2,1,0
342,3,9,87,2,,1,2,2,1,2,2,2,1,39,2,1,2,3,7,3,2,2,1,2,0,1,0,0
342,3,9,90,2,,1,2,2,2,2,2,2,1,34,1,1,2,1,5,4,2,1,1,3,0,2,1,0
342,3,9,92,2,,7,2,2,2,2,2,2,1,45,2,1,2,3,6,3,1,1,1,2,1,2,1,1
342,3,9,93,2,,1,2,2,2,2,2,2,1,34,2,1,2,3,4,2,1,1,1,3,0,1,0,1
384,2,10,20,2,,20,2,2,2,2,2,2,1,23,2,1,1,3,3,1,1,1,0.04,3,3,2,1,0
383,2,10,21,2,,1,2,2,2,2,2,2,1,22,2,1,1,1,3,2,2,2,888,2,4,3,8,2
381,2,10,22,2,,1,2,2,2,2,2,2,1,43,2,1,2,2,100,3,1,1,1,2,0,1,2,0
381,2,10,23,2,,1,2,2,2,2,2,2,1,30,2,1,1,1,5,4,1,1,1,2,0,2,0,0
381,2,10,24,2,,7,2,2,2,2,2,2,1,28,1,1,1,1,100,4,1,1,1,2,2,0,0,0
383,2,10,25,5,73,,,,,,,,,,,,,,,,,,,,,,,
381,2,10,26,2,,7,2,2,2,2,2,2,1,18,1,1,1,1,100,4,1,1,1,2,1,0,0,0
384,2,10,27,2,,,,,,,,,,,,,,,,,,,,,,,,
383,2,10,28,2,,31,2,2,2,2,2,2,1,52,2,1,2,3,7,1,7,1,888,2,4,1,20,40
409,2,10,29,1,,,,,,,,,,,,,,,,,,,,,,,,
384,2,10,30,2,,7,2,2,2,2,2,2,1,46,2,1,2,3,100,100,1,1,1,2,1,1,0,0
409,2,10,31,2,,7,2,2,2,2,2,2,1,22,2,1,1,3,7,4,2,2,1,2,6,4,0,0
409,2,10,32,2,,31,2,2,2,2,2,2,1,35,2,1,2,3,1,1,1,1,1,2,1,1,0,1
383,2,10,33,2,,1,2,2,2,2,2,2,1,50,2,1,2,2,3,4,3,2,888,2,3,4,60,40
384,2,10,34,2,,14,2,2,2,2,2,2,1,23,1,1,2,1,6,2,3,1,0.08,3,5,0,6,0
409,2,10,35,2,,7,2,2,2,2,2,2,1,26,2,1,1,3,100,3,1,1,,3,1,2,0,0
383,2,10,36,5,22,,,,,,,,,,,,,,,,,,,,,,,
383,2,10,71,2,,1,2,2,2,2,2,2,1,28,2,1,2,2,5,4,2,1,888,2,0,0,10,2
381,2,10,72,5,24,,,,,,,,,,,,,,,,,,,,,,,
384,2,10,73,2,,7,2,2,2,2,2,2,1,18,2,1,1,1,1,4,1,2,0.02,2,0,1,0,0
409,2,10,74,2,,20,2,2,2,2,2,2,1,23,2,1,1,1,100,3,1,1,,2,0,2,1,0
384,2,10,75,1,,,,,,,,,,,,,,,,,,,,,,,,
383,2,10,76,2,,1,2,2,1,2,2,2,1,21,2,1,2,1,5,4,3,2,,2,0,1,29,49
381,2,10,77,3,,1,,,,,,,,,,,,,,,,,,,,,,
409,2,10,78,2,,1,2,2,2,2,2,2,1,39,1,1,1,3,6,3,1,1,1.5,3,1,1,3,3
409,2,10,79,5,21,,,,,,,,,,,,,,,,,,,,,,,
406,4,10,1,2,,19,2,2,2,2,2,2,1,38,2,1,2,3,5,2,1,1,0.1,2,0,1,5,0
407,4,10,2,2,,1,2,2,2,2,2,2,1,26,2,1,2,3,7,5,2,2,3,2,0,3,2,0
407,4,10,3,2,,1,2,2,2,2,2,2,1,22,2,1,2,3,5,2,1,1,2,2,1,3,2,2
406,4,10,4,2,,1,2,2,2,2,2,2,1,23,1,1,1,3,7,5,2,2,3,2,1,2,2,0
407,4,10,5,5,2,,,,,,,,,,,,,,,,,,,,,,,
406,4,10,6,2,,7,2,2,1,2,2,2,1,19,2,1,2,3,5,5,2,2,3,2,0,1,3,0
407,4,10,7,2,,7,2,2,2,2,2,2,1,38,2,1,4,3,5,4,1,1,3,2,2,1,2,1
407,4,10,9,2,,7,2,2,2,2,2,2,1,18,1,1,2,3,5,3,2,2,3,2,1,2,2,1
407,4,10,10,2,,1,2,2,2,2,2,2,1,23,1,1,2,3,5,2,2,2,2,2,1,3,6,0
406,4,10,11,2,,1,1,1,2,2,2,2,1,26,1,1,2,1,5,3,2,2,2,2,1,2,30,20
406,4,10,12,2,,7,2,2,2,2,2,2,1,22,2,1,2,3,2,5,1,1,1,2,0,1,0,0
403,4,10,13,2,,1,2,2,2,2,2,2,1,26,2,1,1,1,5,3,1,1,1,2,2,2,4,2
406,4,10,14,2,,1,2,2,1,1,2,2,1,22,2,1,2,3,7,2,1,1,3,2,0,4,10,5
407,4,10,15,2,,1,2,2,2,2,2,2,1,30,2,1,2,3,5,2,1,1,3,2,1,1,0,0
406,4,10,16,5,14,,,,,,,,,,,,,,,,,,,,,,,
406,4,10,17,5,10,,,,,,,,,,,,,,,,,,,,,,,
407,4,10,18,5,12,,,,,,,,,,,,,,,,,,,,,,,
406,4,10,19,2,,20,2,2,2,2,2,2,1,37,2,1,2,3,2,1,1,2,1,2,0,2,30,5
407,4,10,37,1,,,,,,,,,,,,,,,,,,,,,,,,
403,4,10,38,2,,5,2,2,2,2,2,2,1,49,1,2,2,1,7,4,1,1,1,2,2,0,5,0
403,4,10,39,3,,2,,,,,,,,,,,,,,,,,,,,,,
403,4,10,40,2,,18,2,2,2,2,2,2,1,46,1,1,1,3,4,3,7,7,2,2,30,25,10,19
403,4,10,41,2,,1,2,2,1,2,2,2,1,21,2,1,1,1,5,4,2,2,1,2,0,10,5,3
410,4,10,42,2,,7,2,2,2,2,2,2,1,20,1,1,1,3,5,3,2,1,1,2,1,5,5,3
408,4,10,43,2,,15,2,2,2,2,2,2,1,26,1,1,2,3,6,4,4,2,888,2,1,0,0,0
410,4,10,44,2,,20,,,,,,,2,,,,,,,,,,,,,,,
403,4,10,45,2,,13,2,2,2,2,2,2,1,46,1,1,2,1,1,1,2,1,1,2,4,3,1,2
403,4,10,46,2,,13,2,2,2,2,2,2,1,29,1,1,2,1,100,1,3,2,1,2,30,27,9,5
403,4,10,47,4,,31,,,,,,,,,,,,,,,,,,,,,,
408,4,10,48,2,,31,2,2,2,2,2,2,1,50,1,1,1,3,100,100,1,1,888,2,2,0,0,0
403,4,10,49,2,,17,2,2,2,2,2,2,1,26,2,1,2,1,6,1,1,2,1,2,0,4,0,2
408,4,10,50,2,,1,2,2,2,2,2,2,1,34,2,1,1,3,6,3,1,1,888,2,1,1,2,0
403,4,10,51,4,,14,,,,,,,,,,,,,,,,,,,,,,
410,4,10,52,2,,1,2,2,2,2,2,2,1,37,2,1,1,2,7,3,2,1,1,1,0,1,5,2
408,4,10,53,1,,,,,,,,,,,,,,,,,,,,,,,,
410,4,10,54,1,,,,,,,,,,,,,,,,,,,,,,,,
408,4,10,55,2,,1,2,2,2,2,2,2,1,37,1,1,2,2,6,4,2,1,888,2,2,0,1,0
403,4,10,56,1,,,,,,,,,,,,,,,,,,,,,,,,
408,4,10,57,2,,31,2,2,2,2,2,2,1,36,1,1,2,3,1,3,7,6,,2,10,5,30,5
410,4,10,58,1,,,,,,,,,,,,,,,,,,,,,,,,
410,4,10,59,2,,20,2,2,2,2,2,2,1,42,2,1,1,3,1,2,1,1,888,2,0,1,6,2
408,4,10,60,2,,1,2,2,2,2,2,2,1,54,2,1,1,3,6,3,2,1,888,2,1,1,4,3
410,4,10,61,2,,1,2,2,2,2,2,2,1,41,2,1,2,2,6,2,2,3,888,2,1,1,0,0
406,4,10,62,5,42,,,,,,,,,,,,,,,,,,,,,,,
408,4,10,63,1,,,,,,,,,,,,,,,,,,,,,,,,
407,4,10,64,1,,,,,,,,,,,,,,,,,,,,,,,,
403,4,10,65,1,,,,,,,,,,,,,,,,,,,,,,,,
403,4,10,66,2,,20,2,2,2,2,2,2,1,21,1,2,3,1,5,1,1,1,1,2,2,2,3,1
410,4,10,67,1,,,,,,,,,,,,,,,,,,,,,,,,
403,4,10,68,1,,,,,,,,,,,,,,,,,,,,,,,,
410,4,10,69,2,,7,2,2,2,2,2,2,1,35,1,1,1,3,5,2,1,1,1,2,0,4,9,12
403,4,10,70,5,52,,,,,,,,,,,,,,,,,,,,,,,
402,4,10,80,2,,1,2,2,2,2,2,2,1,34,1,1,2,2,6,3,1,2,1,2,2,4,4,1
401,4,10,81,2,,7,2,2,1,2,2,2,1,23,1,1,1,2,6,3,2,1,1,2,1,4,0,0
402,4,10,82,7,,7,2,2,2,2,2,2,1,28,2,1,1,3,7,3,1,1,2,2,0,2,1,0
402,4,10,83,2,,1,2,2,2,2,2,2,1,50,1,1,2,3,7,4,1,1,1,2,1,0,4,0
401,4,10,84,2,,7,2,2,2,2,2,2,1,20,2,1,1,1,6,3,1,1,,2,0,2,1,2
401,4,10,85,2,,7,2,2,2,2,2,2,1,25,2,1,1,2,1,3,2,1,1,2,0,2,2,0
405,4,10,86,3,,18,,,,,,,,,,,,,,,,,,,,,,
405,4,10,87,4,,1,,,,,,,,,,,,,,,,,,,,,,
402,4,10,88,2,,1,2,2,2,2,2,2,1,34,1,1,1,3,1,4,2,2,1,2,5,6,8,5
402,4,10,89,2,,1,2,2,2,2,2,2,1,28,2,1,1,3,6,3,2,1,2,2,0,2,2,0
405,4,10,90,2,,1,2,2,2,2,2,2,1,52,1,1,2,3,1,2,2,1,1,2,1,3,3,1
401,4,10,91,2,,7,2,2,2,2,2,2,1,29,1,1,1,1,1,2,2,1,1,2,1,5,2,2
405,4,10,92,2,,1,2,2,1,2,2,2,1,24,1,1,1,1,1,3,1,1,1,2,2,3,0,0
405,4,10,93,2,,1,2,2,1,2,2,2,1,53,1,1,1,3,7,2,1,1,1,2,1,4,1,0
401,4,10,94,2,,7,2,2,2,2,2,2,1,57,2,1,2,3,6,1,1,1,1,2,2,4,4,0
401,4,10,95,2,,2,2,2,2,2,2,2,1,23,2,1,1,2,5,3,3,1,,2,1,4,15,1
405,4,10,96,2,,1,2,2,1,2,2,2,1,25,2,1,1,2,1,2,2,1,1,3,0,4,0,0
405,4,10,97,2,,1,2,2,2,2,2,2,1,29,1,1,1,1,7,4,2,1,1,2,2,5,7,0
401,4,10,98,2,,7,2,2,1,2,2,2,1,32,2,1,1,1,6,3,1,1,1,3,0,7,2,0
402,4,10,99,2,,1,2,2,2,2,2,2,1,23,1,1,1,3,1,1,3,2,1,2,1,4,2,0
405,4,10,100,2,,1,2,2,2,2,2,2,1,24,2,1,1,2,7,3,1,1,,2,0,1,5,0
402,4,10,102,2,,1,2,2,2,2,2,2,1,41,2,1,2,2,1,3,2,1,1,2,0,1,2,0
425,1,11,1,2,,10,2,1,2,2,2,2,1,35,1,1,2,3,3,1,5,5,5,2,5,6,2,1
430,1,11,2,2,,31,1,1,1,2,2,2,1,35,1,1,1,3,5,3,6,7,0.1,2,2,5,100,120
427,1,11,3,1,,,,,,,,,,,,,,,,,,,,,,,,
423,1,11,4,2,,7,2,1,1,2,2,2,1,43,2,1,2,3,4,1,1,1,1,2,0,2,0,0
427,1,11,5,2,,7,2,2,1,2,2,2,1,28,2,1,2,3,100,100,1,1,0.03,2,3,2,1,1
423,1,11,6,2,,31,2,2,2,2,2,2,1,30,1,1,2,3,2,1,5,5,1,2,20,50,0,0
423,1,11,7,1,,,,,,,,,,,,,,,,,,,,,,,,
425,1,11,8,2,,23,2,2,2,2,2,1,1,28,1,1,3,3,3,1,1,1,,2,6,8,1,0
430,1,11,9,3,,31,,,,,,,,,,,,,,,,,,,,,,
422,1,11,10,2,,1,2,2,2,2,2,2,1,43,1,1,2,2,5,4,2,1,0.005,1,1,2,6,4
424,1,11,11,2,,24,2,2,2,2,2,2,1,23,1,1,1,3,1,1,2,3,0.005,2,5,2,13,6
421,1,11,12,2,,22,2,2,2,2,2,2,1,35,1,1,1,3,7,1,5,5,,2,2,6,8,4
428,1,11,13,2,,7,2,2,2,2,2,2,1,26,2,1,2,2,4,3,1,1,1,2,1,2,3,0
423,1,11,14,2,,19,2,2,1,2,2,2,1,28,2,1,1,3,4,2,8,9,1,2,10,10,0,0
430,1,11,15,2,,31,1,1,1,2,2,2,1,26,2,1,2,3,5,3,6,6,0.1,2,0,2,40,50
428,1,11,16,7,,,,,,,,,,,,,,,,,,,,,,,,
424,1,11,17,2,,18,2,2,2,2,2,2,1,31,1,1,2,3,4,2,5,6,0.004,2,54,150,60,200
425,1,11,18,2,,7,2,2,2,2,2,2,1,50,1,1,4,2,6,2,2,2,2,2,10,20,1,0
422,1,11,19,2,,6,1,2,2,2,2,2,1,32,1,1,2,3,4,2,6,7,1,2,16,0,4,3
429,1,11,20,2,,1,2,2,2,2,2,2,1,49,2,1,2,3,4,3,2,2,1,2,3,5,0,0
429,1,11,21,2,,7,2,2,2,2,2,2,1,24,1,1,2,3,5,3,1,1,1,2,1,0,0,0
425,1,11,22,2,,10,2,2,1,2,2,2,1,34,2,1,1,3,4,3,3,2,0.1,2,20,8,2,1
430,1,11,23,2,,31,1,1,1,2,2,2,1,28,2,1,2,3,4,3,4,4,0.2,2,3,8,20,15
428,1,11,24,2,,7,2,2,2,2,2,2,1,29,1,1,2,2,6,3,1,1,1.5,3,2,3,5,2
421,1,11,25,2,,1,2,2,1,2,2,2,1,32,1,2,5,3,6,4,2,1,1,1,0,2,3,2
421,1,11,26,2,,7,2,2,2,2,2,2,1,37,1,1,2,3,7,1,6,6,1,2,12,1,10,6
430,1,11,27,2,,31,1,1,1,2,2,2,1,32,1,1,2,3,100,3,7,7,0.1,3,4,12,80,60
421,1,11,28,2,,31,2,2,2,2,2,2,1,35,1,1,2,3,4,1,2,1,1,2,30,10,14,7
429,1,11,29,2,,10,2,2,2,2,2,2,1,35,1,1,2,1,6,1,3,1,2,3,2,2,4,2
428,1,11,30,2,,1,2,2,2,2,2,2,1,28,2,1,2,2,6,4,4,3,1,2,0,2,0,0
421,1,11,31,2,,15,2,2,2,2,2,2,1,19,1,1,2,3,6,2,4,2,1,2,3,0,20,5
427,1,11,32,2,,7,2,2,2,2,2,2,1,25,2,1,2,3,5,4,2,2,,2,6,3,6,2
425,1,11,33,2,,1,2,2,2,2,2,2,1,28,1,1,2,3,100,3,3,3,0.1,2,5,10,0,0
430,1,11,34,2,,24,2,2,2,2,2,2,1,48,1,1,2,3,2,3,2,1,,2,20,25,11,5
425,1,11,35,7,,,,,,,,,,,,,,,,,,,,,,,,
424,1,11,36,2,,31,2,2,1,2,2,2,1,36,1,1,2,3,5,1,2,1,0.003,2,1,1,3,1
424,1,11,37,3,,7,,,,,,,,,,,,,,,,,,,,,,
428,1,11,38,4,,7,,,,,,,,,,,,,,,,,,,,,,
421,1,11,39,2,,31,2,2,2,2,2,2,1,40,1,1,2,3,5,2,4,5,1,2,15,2,17,20
429,1,11,40,2,,22,2,2,2,2,2,2,1,27,1,2,3,3,6,1,4,4,,2,0,0,50,58
427,1,11,41,2,,7,2,2,2,2,2,2,1,23,2,1,2,3,888,,1,1,,2,0,2,0,1
423,1,11,42,2,,19,2,2,1,2,2,2,1,30,2,1,2,3,100,2,8,9,1,2,15,20,0,0
427,1,11,43,2,,8,2,2,2,2,2,2,1,30,2,2,1,888,888,,888,888,,2,0,0,0,1
422,1,11,44,2,,15,2,2,2,2,2,2,1,28,1,1,2,2,100,2,2,1,0.005,1,1,0,17,3
421,1,11,45,2,,10,2,2,2,2,2,2,1,40,1,1,1,3,4,2,3,4,1,2,9,2,0,0
425,1,11,46,2,,7,2,2,1,2,2,2,1,28,1,1,3,3,6,3,2,2,0.5,1,2,2,1,1
422,1,11,47,2,,1,2,2,1,2,2,2,1,20,1,1,2,3,4,4,5,6,1,2,2,2,0,0
429,1,11,48,2,,31,2,2,2,2,2,2,1,27,1,1,2,3,4,1,8,9,1,3,30,8,50,40
430,1,11,49,2,,31,1,1,1,2,2,2,1,34,2,1,1,3,6,2,7,7,0.1,2,10,20,100,90
422,1,11,50,2,,1,2,2,2,2,2,2,1,41,1,1,1,3,1,3,2,1,0.002,2,1,2,0,0
429,1,11,51,2,,1,2,2,2,2,2,2,1,45,1,1,2,2,5,3,3,1,888,3,3,3,2,0
429,1,11,52,2,,1,2,2,2,2,2,2,1,32,2,1,2,888,5,4,2,3,888,2,3,5,5,0
425,1,11,53,2,,7,2,2,2,2,2,2,1,35,2,1,2,3,2,2,2,2,1,1,1,5,0,0
429,1,11,54,7,,,,,,,,,,,,,,,,,,,,,,,,
429,1,11,55,2,,1,2,2,2,2,2,2,1,55,1,1,2,3,6,3,2,3,1,3,8,1,7,1
423,1,11,56,7,,,,,,,,,,,,,,,,,,,,,,,,
427,1,11,57,2,,7,2,2,2,2,2,2,1,25,2,1,1,3,6,4,1,1,0.03,2,0,1,0,0
421,1,11,58,2,,1,2,2,1,2,2,2,1,51,1,1,2,3,4,4,2,1,1,2,4,3,8,2
428,1,11,59,2,,1,2,1,1,2,2,2,1,29,1,1,2,3,4,4,4,3,1,3,3,6,12,5
424,1,11,60,2,,7,2,2,2,2,2,2,1,27,1,1,1,3,4,3,2,3,1,2,2,7,8,3
428,1,11,61,2,,7,2,2,2,2,2,2,1,35,1,1,2,3,4,2,2,2,1.5,3,2,3,4,1
422,1,11,62,2,,1,2,2,2,2,2,2,1,29,1,1,2,3,5,3,2,1,1,2,1,2,2,0
424,1,11,63,2,,1,2,2,2,2,2,2,1,42,1,1,1,3,4,3,2,1,888,2,2,5,4,2
430,1,11,64,2,,7,,,,,,,2,,,,,,,,,,,,,,,
427,1,11,65,2,,13,,,,,,,2,,,,,,,,,,,,,,,
425,1,11,66,2,,7,2,2,2,2,2,2,1,28,1,1,2,3,6,2,3,3,1,2,1,1,1,0
422,1,11,67,2,,20,2,2,2,2,2,2,1,26,1,1,2,3,4,1,2,3,1,1,2,3,5,1
424,1,11,68,2,,7,2,2,2,2,2,2,1,51,1,1,2,3,1,3,1,1,0.002,2,1,8,0,0
427,1,11,69,2,,7,2,2,2,2,2,2,1,29,2,1,2,3,4,1,2,3,,2,8,2,1,0
423,1,11,70,2,,13,2,1,1,2,2,2,1,38,1,1,2,3,100,1,6,1,1,3,25,6,0,0
427,1,11,71,2,,10,2,2,2,2,2,2,1,47,2,1,1,3,100,888,,,,1,0,1,0,0
423,1,11,72,1,,,,,,,,,,,,,,,,,,,,,,,,
427,1,11,73,2,,1,2,2,1,2,2,2,1,25,2,1,2,1,100,2,2,1,,2,0,1,4,1
423,1,11,74,2,,23,2,2,2,2,2,2,1,46,1,1,2,3,100,1,1,1,,2,3,5,0,0
422,1,11,75,2,,7,2,2,2,2,2,2,1,30,1,1,2,3,4,1,2,1,1,1,3,0,3,4
428,1,11,76,2,,7,2,2,1,2,2,2,1,72,1,1,2,3,4,100,1,1,1,3,1,0,2,1
428,1,11,77,2,,31,2,2,1,2,2,2,1,22,1,2,2,3,100,1,8,8,1,2,0,0,0,0
424,1,11,78,2,,1,2,2,2,2,2,2,1,36,2,1,2,3,2,3,2,1,1,2,3,5,8,1
422,1,11,79,2,,31,2,2,2,2,2,2,1,23,1,1,2,3,1,1,5,6,0.01,2,9,0,7,10
424,1,11,80,2,,1,2,2,2,2,2,2,1,40,2,1,2,3,4,4,4,5,0.01,2,3,7,52,60
421,1,11,81,2,,10,2,2,2,2,2,2,1,33,1,1,1,3,3,1,3,3,2,2,6,6,20,15
429,1,11,82,1,,,,,,,,,,,,,,,,,,,,,,,,
430,1,11,83,1,,,,,,,,,,,,,,,,,,,,,,,,
444,4,12,1,2,,1,2,2,2,2,2,2,1,33,2,1,2,1,5,3,4,5,1,2,0,1,11,5
444,4,12,2,1,,,,,,,,,,,,,,,,,,,,,,,,
2,4,12,3,1,,,,,,,,,,,,,,,,,,,,,,,,
9,4,12,4,3,,25,,,,,,,,,,,,,,,,,,,,,,
2,4,12,5,1,,,,,,,,,,,,,,,,,,,,,,,,
444,4,12,6,2,,1,1,2,1,2,2,2,1,37,2,1,2,3,3,1,3,4,1,2,3,3,6,5
444,4,12,7,5,,1,,,,,,,2,,,,,,,,,,,,,,,
444,4,12,8,2,,31,2,2,2,2,2,2,1,23,2,1,2,3,1,3,1,1,,2,0,1,12,3
444,4,12,9,5,8888,,,,,,,,,,,,,,,,,,,,,,,
9,4,12,10,5,83,,,,,,,,,,,,,,,,,,,,,,,
444,4,12,11,3,,7,,,,,,,,,,,,,,,,,,,,,,
448,4,12,12,2,,1,2,2,2,2,2,2,1,20,1,2,2,3,6,4,1,1,2,2,3,1,30,10
448,4,12,13,2,,1,2,2,2,2,2,2,1,41,2,1,1,3,5,2,1,1,1,2,0,1,10,5
14,4,12,14,1,,,,,,,,,,,,,,,,,,,,,,,,
448,4,12,15,2,,31,2,2,2,2,2,2,1,40,2,2,2,3,1,1,2,2,,2,5,1,20,5
448,4,12,16,2,,1,2,2,2,2,2,2,1,28,2,1,1,3,5,1,1,1,1,2,1,1,10,5
448,4,12,17,1,,,,,,,,,,,,,,,,,,,,,,,,
2,4,12,18,2,,1,2,2,2,2,2,2,1,22,2,1,5,3,888,,888,888,,1,0,1,0,0
448,4,12,19,2,,1,2,2,2,2,2,2,1,47,1,1,2,3,1,2,1,1,1,2,0,1,10,6
448,4,12,20,2,,1,2,2,2,2,2,2,1,25,2,2,2,3,5,4,2,2,1,2,1,2,20,15
447,4,12,21,2,,7,2,2,2,2,2,2,1,38,2,1,2,3,4,3,3,2,1,2,1,3,0,0
447,4,12,22,2,,7,2,2,2,2,2,2,1,40,2,1,2,3,1,4,2,2,1,1,0,0,5,6
9,4,12,23,1,,,,,,,,,,,,,,,,,,,,,,,,
2,4,12,24,1,,,,,,,,,,,,,,,,,,,,,,,,
9,4,12,25,1,,,,,,,,,,,,,,,,,,,,,,,,
447,4,12,26,2,,31,2,2,2,2,2,2,1,27,1,1,2,1,5,3,6,1,1,2,3,2,8,0
9,4,12,27,1,,,,,,,,,,,,,,,,,,,,,,,,
447,4,12,28,2,,15,2,2,2,2,2,2,1,47,1,1,2,2,7,2,3,1,1,2,1,0,5,3
447,4,12,29,2,,15,2,2,2,2,2,2,1,18,1,1,2,3,5,3,6,1,1,2,1,0,12,3
442,4,12,30,2,,1,2,2,2,2,2,2,1,53,2,1,1,2,6,3,2,3,1,2,0,1,1,1
442,4,12,31,2,,1,2,2,2,2,2,2,1,34,2,1,1,2,6,2,3,2,1,2,1,5,2,0
9,4,12,32,2,,20,2,2,2,2,2,2,1,20,2,1,2,3,6,2,1,1,5,3,3,5,5,6
9,4,12,33,1,,,,,,,,,,,,,,,,,,,,,,,,
442,4,12,34,2,,1,2,2,2,2,2,2,1,41,1,1,1,2,1,3,1,2,888,2,5,5,2,5
442,4,12,35,2,,1,2,2,2,2,2,2,1,26,1,1,1,3,1,3,1,2,2,2,5,0,6,6
442,4,12,36,2,,1,2,2,2,2,2,2,1,25,1,1,1,2,1,4,6,5,2,2,4,6,2,5
442,4,12,37,2,,1,2,2,2,2,2,2,1,20,2,1,1,2,6,3,2,2,1,2,0,1,1,0
442,4,12,38,2,,1,2,2,2,2,2,2,1,27,2,1,2,2,1,1,2,2,1,2,0,3,0,3
446,4,12,39,1,,,,,,,,,,,,,,,,,,,,,,,,
9,4,12,40,2,,7,1,1,1,2,2,2,1,29,2,1,3,3,6,3,1,1,4,2,2,5,2,2
446,4,12,41,1,,,,,,,,,,,,,,,,,,,,,,,,
446,4,12,42,2,,4,2,2,1,2,2,2,1,24,2,1,2,3,5,3,8,9,1,3,0,500,40,0
446,4,12,43,2,,1,2,2,2,2,2,2,1,20,2,1,2,2,1,1,4,2,,2,0,1,9,0
446,4,12,44,2,,1,2,2,2,2,2,2,1,36,2,1,2,1,100,3,2,2,1,1,0,1,11,4
446,4,12,45,1,,,,,,,,,,,,,,,,,,,,,,,,
446,4,12,46,2,,1,2,2,2,2,2,2,1,21,2,1,2,1,999,,2,2,1,1,1,2,4,0
449,4,12,47,2,,1,2,2,2,2,2,2,1,34,2,1,1,2,1,2,1,1,1,2,0,1,2,2
441,4,12,48,2,,1,2,2,2,2,2,2,1,50,1,1,1,3,6,4,1,1,0.005,3,1,0,0,0
447,4,12,49,2,,1,2,2,2,2,2,2,1,29,2,2,3,1,1,4,3,1,1,2,0,1,1,0
449,4,12,50,2,,1,2,2,2,2,2,2,1,51,1,1,2,3,1,2,1,1,1,2,2,1,3,1
449,4,12,51,2,,31,2,2,2,2,2,2,1,26,1,1,2,3,6,3,3,2,1,3,2,0,18,0
449,4,12,52,2,56,,,,,,,,,,,,,,,,,,,,,,,
449,4,12,53,2,,1,1,2,1,2,2,2,1,27,2,1,1,3,3,3,1,2,1,3,2,4,3,0
449,4,12,54,2,,31,2,2,2,2,2,2,1,26,1,1,1,3,1,1,7,8,2,3,5,3,100,150
449,4,12,55,2,,31,2,2,2,2,2,2,1,30,1,1,2,2,1,3,3,1,1,2,2,0,19,0
449,4,12,56,2,,10,2,2,2,2,2,2,1,27,2,1,3,3,1,1,8,9,1,3,6,3,600,400
449,4,12,57,2,,1,2,2,2,2,2,2,1,22,2,1,2,1,1,3,2,1,1,2,1,3,10,2
441,4,12,58,2,,14,2,2,2,2,2,2,1,23,1,2,4,3,6,2,6,4,1,2,5,0,100,50
441,4,12,59,2,,1,2,2,1,2,2,2,1,28,2,2,4,3,1,4,3,1,1,2,1,3,3,3
441,4,12,60,2,,7,2,2,1,2,2,2,1,20,2,1,1,3,1,4,1,1,1,2,2,3,3,3
441,4,12,61,2,,1,2,2,1,2,2,2,1,21,2,1,1,3,7,4,3,2,1,2,0,3,4,0
441,4,12,62,2,,31,2,2,1,2,2,2,1,27,1,1,2,3,1,2,7,6,1,2,1,0,0,0
2,4,12,63,1,,,,,,,,,,,,,,,,,,,,,,,,
441,4,12,64,2,,1,2,2,2,2,2,2,1,21,1,1,2,3,7,3,2,2,1,2,2,0,10,6
446,4,12,65,2,,1,2,2,1,2,2,2,1,28,2,1,2,1,100,2,3,2,1,1,0,2,18,2
446,4,12,66,2,,7,2,2,1,2,2,2,1,29,2,1,2,3,6,2,3,2,1,2,6,8,5,0
9,4,12,67,1,,,,,,,,,,,,,,,,,,,,,,,,
9,4,12,68,1,,,,,,,,,,,,,,,,,,,,,,,,
442,4,12,69,2,,1,2,2,2,2,2,2,1,33,1,1,3,3,1,1,1,1,,2,0,0,0,0
9,4,12,70,1,,,,,,,,,,,,,,,,,,,,,,,,
9,4,12,71,1,,,,,,,,,,,,,,,,,,,,,,,,
442,4,12,72,2,,1,2,2,2,2,2,2,1,56,1,1,1,3,1,3,1,2,1,2,0,2,1,1
448,4,12,73,4,,1,,,,,,,,,,,,,,,,,,,,,,
448,4,12,74,3,,31,,,,,,,,,,,,,,,,,,,,,,
444,4,12,75,1,,,,,,,,,,,,,,,,,,,,,,,,
444,4,12,76,2,,31,2,2,1,2,2,2,1,32,1,1,2,3,1,2,4,888,0.02,2,2,6,100,100
443,4,12,77,1,,,,,,,,,,,,,,,,,,,,,,,,
450,4,12,78,1,,,,,,,,,,,,,,,,,,,,,,,,
450,4,12,79,2,,1,1,1,2,2,2,2,1,25,2,1,2,3,5,3,2,1,1,2,1,2,1,0
450,4,12,80,2,,7,2,2,2,2,2,2,1,27,1,1,2,2,6,4,1,1,1,2,3,0,0,0
9,4,12,81,2,,1,2,2,2,2,2,2,1,56,1,1,2,3,4,3,1,1,5,2,2,6,3,8
450,4,12,82,2,,1,1,1,2,2,2,2,1,32,1,1,2,3,100,5,3,1,1,2,1,1,5,1
450,4,12,83,2,,1,2,2,2,2,2,2,1,21,2,1,2,3,6,2,4,5,1,2,2,0,12,15
443,4,12,84,1,,,,,,,,,,,,,,,,,,,,,,,,
443,4,12,85,2,,2,2,2,2,2,2,2,1,28,2,1,2,2,6,5,7,8,1,2,10,10,2,0
443,4,12,86,2,,7,2,2,2,2,2,2,1,27,2,1,2,1,7,4,2,1,1,2,0,2,2,0
9,4,12,87,2,,20,2,2,1,2,2,2,1,24,1,1,2,3,100,3,1,1,5,2,4,5,2,2
443,4,12,88,1,,,,,,,,,,,,,,,,,,,,,,,,
450,4,12,89,2,,1,1,1,2,2,2,2,1,21,2,1,2,3,7,5,3,3,1,2,5,6,4,3
443,4,12,90,2,,7,2,2,1,2,2,2,1,34,2,1,3,3,5,4,2,3,1,2,5,8,3,5
450,4,12,91,2,,1,1,1,2,2,2,2,1,32,2,1,2,3,6,5,4,3,1,2,3,2,2,0
443,4,12,92,1,,,,,,,,,,,,,,,,,,,,,,,,
443,4,12,93,2,,7,2,2,2,2,2,2,1,40,1,1,2,2,6,3,2,2,1,2,3,7,3,1
443,4,12,94,1,,,,,,,,,,,,,,,,,,,,,,,,
443,4,12,95,2,,7,2,2,2,2,2,2,1,27,2,1,2,3,6,4,1,1,1,2,3,2,1,1
495,1,13,1,2,,1,2,2,2,2,2,2,1,20,1,1,4,3,6,3,3,2,1,2,4,6,1,1
495,1,13,2,2,,1,2,2,1,2,2,2,1,38,2,1,2,3,6,2,3,1,1,2,0,3,0,1
495,1,13,3,2,,1,2,2,2,2,2,2,1,24,1,1,3,3,5,3,1,1,1,1,1,1,1,0
495,1,13,4,2,,7,2,2,2,2,2,2,1,54,2,1,3,3,2,3,1,1,2,2,2,1,1,1
495,1,13,5,5,7,,,,,,,,,,,,,,,,,,,,,,,
495,1,13,6,2,,1,2,2,2,2,2,2,1,24,1,1,2,3,2,2,1,1,1,2,1,2,0,0
495,1,13,7,2,,1,2,2,1,2,2,2,1,40,2,1,3,3,1,3,1,4,1,2,0,1,0,1
495,1,13,8,2,,1,2,2,1,2,2,2,1,23,1,1,3,3,2,4,1,1,1,2,1,1,2,2
495,1,13,9,2,,1,2,1,1,2,2,2,1,32,1,1,3,3,2,3,2,1,1,2,5,3,2,1
495,1,13,10,3,,1,,,,,,,,,,,,,,,,,,,,,,
484,1,13,11,2,,7,2,2,2,2,2,2,1,39,2,1,1,3,7,4,4,5,,2,2,3,9,2
484,1,13,12,2,,10,2,2,2,2,2,2,1,47,1,1,2,3,100,100,4,7,2,3,9,3,12,27
484,1,13,14,2,,10,2,2,2,2,2,2,1,37,1,1,2,3,3,1,2,2,0,2,9,2,2,1
484,1,13,15,7,,7,,,,,,,,,,,,,,,,,,,,,,
484,1,13,16,2,,10,2,2,2,2,2,2,1,47,1,1,1,3,100,2,4,5,2,2,3,2,1,1
484,1,13,17,2,,7,2,2,2,2,2,2,1,39,2,1,2,3,100,3,3,2,1,2,3,1,6,2
484,1,13,19,3,,1,,,,,,,,,,,,,,,,,,,,,,
484,1,13,20,5,57,,,,,,,,,,,,,,,,,,,,,,,
482,1,13,22,1,,,,,,,,,,,,,,,,,,,,,,,,
482,1,13,23,1,,,,,,,,,,,,,,,,,,,,,,,,
482,1,13,25,2,,10,2,2,2,2,2,2,1,44,1,1,1,3,100,1,3,2,888,2,1,0,10,0
481,1,13,31,2,,1,2,2,2,2,2,2,1,21,1,1,2,1,5,4,3,2,888,2,1,4,1,4
481,1,13,32,2,,18,1,1,1,2,2,2,1,54,2,1,2,3,2,2,8,9,1,2,0,1,0,1
481,1,13,33,3,,14,,,,,,,,,,,,,,,,,,,,,,
481,1,13,35,2,,10,2,1,2,2,2,2,1,56,1,1,2,3,1,1,4,5,0,2,11,4,11,4
481,1,13,40,5,40,,,,,,,,,,,,,,,,,,,,,,,
483,1,13,42,2,,10,2,2,2,2,2,1,1,48,1,1,2,3,7,3,3,2,,2,3,3,116,299
483,1,13,43,1,,,,,,,,,,,,,,,,,,,,,,,,
483,1,13,45,2,,10,1,2,2,2,2,1,1,60,1,1,2,3,100,100,6,6,,2,6,3,112,125
483,1,13,46,5,52,,,,,,,,,,,,,,,,,,,,,,,
483,1,13,51,1,,,,,,,,,,,,,,,,,,,,,,,,
489,1,13,52,2,,1,2,2,2,2,2,2,1,33,2,1,2,2,4,4,2,1,1,2,0,1,0,1
493,1,13,61,2,,18,2,2,2,2,2,2,1,53,2,1,3,3,2,100,6,7,,2,25,65,0,0
493,1,13,66,2,,7,2,2,2,2,2,2,1,47,1,1,2,1,7,100,4,3,0.2,2,1,2,1,0
493,1,13,69,2,,10,2,2,2,2,2,2,1,42,1,1,2,3,7,1,4,3,0.5,2,7,3,0,0
489,1,13,71,2,,1,2,2,2,2,2,2,1,25,2,1,2,888,6,4,4,1,1,2,0,1,0,0
489,1,13,73,4,,7,,,,,,,,,,,,,,,,,,,,,,
489,1,13,74,2,,5,2,2,2,2,2,2,1,30,1,1,3,3,2,3,6,7,1,2,10,0,4,2
489,1,13,76,1,,,,,,,,,,,,,,,,,,,,,,,,
487,1,13,82,2,,19,2,2,1,2,2,2,1,60,1,1,3,3,2,1,1,1,0.03,2,3,0,0,0
487,1,13,85,2,,15,2,2,2,2,2,2,1,29,1,1,3,2,6,2,4,1,,2,2,0,0,0
487,1,13,87,4,,32,,,,,,,,,,,,,,,,,,,,,,
487,1,13,88,2,,1,2,2,1,2,2,2,1,23,1,1,3,3,2,3,1,1,888,1,1,1,0,0
487,1,13,90,1,,,,,,,,,,,,,,,,,,,,,,,,
485,1,13,92,1,,,,,,,,,,,,,,,,,,,,,,,,
485,1,13,95,1,,,,,,,,,,,,,,,,,,,,,,,,
485,1,13,98,2,,31,2,2,2,2,2,2,1,35,1,1,2,2,5,2,1,2,2,2,1,0,5,2
485,1,13,100,2,,5,2,2,1,2,2,2,1,48,1,1,2,3,100,1,4,6,21,2,16,0,19,26
242,3,20,1,5,19,,,,,,,,,,,,,,,,,,,,,,,
245,3,20,4,2,,1,2,2,2,2,2,2,1,27,1,1,2,2,6,3,1,1,1,3,0,2,0,0
244,3,20,6,2,,31,1,2,2,2,2,2,1,52,1,1,2,3,100,4,3,4,0.005,2,5,10,2,2
242,3,20,7,2,,1,2,1,1,2,2,2,1,32,1,1,1,1,7,3,2,2,0.5,2,1,2,0,0
242,3,20,8,4,,1,,,,,,,,,,,,,,,,,,,,,,
247,3,20,9,4,,20,,,,,,,,,,,,,,,,,,,,,,
245,3,20,10,2,,17,2,2,2,2,2,2,1,54,1,1,2,2,6,2,1,1,1,2,1,0,6,0
243,3,20,12,2,,20,2,2,2,2,2,2,1,32,2,1,2,1,7,1,1,1,,3,0,0,0,0
243,3,20,13,2,,1,2,2,2,2,2,2,1,42,1,1,2,2,7,1,2,1,,3,0,1,0,0
250,3,20,14,2,,20,2,2,2,2,2,2,1,46,2,1,2,3,6,1,3,2,0.02,2,1,2,1,1
243,3,20,15,2,,1,2,2,2,2,2,2,1,53,2,1,1,1,7,3,1,1,,3,0,1,15,2
246,3,20,16,2,,20,2,2,1,2,2,2,1,35,1,1,1,3,100,1,4,1,0.5,2,1,2,1,1
244,3,20,17,2,,31,1,2,2,2,2,1,1,42,1,1,2,1,6,3,2,1,0.001,2,1,0,0,0
244,3,20,18,4,,1,,,,,,,,,,,,,,,,,,,,,,
245,3,20,19,2,,7,2,2,2,2,2,2,1,30,1,1,2,1,4,3,1,1,1,2,1,4,0,0
244,3,20,20,5,58,,,,,,,,,,,,,,,,,,,,,,,
243,3,20,21,2,,1,2,2,2,2,2,2,1,30,2,1,2,2,1,4,1,1,,3,1,3,0,0
245,3,20,27,2,,1,2,2,2,2,2,2,1,30,2,1,1,2,6,4,2,1,1,3,0,2,0,0
242,3,20,28,2,,7,2,2,1,2,2,2,1,32,1,1,1,3,6,2,2,2,0.5,2,1,1,0,1
246,3,20,29,2,,15,2,2,2,2,2,2,1,32,2,2,1,2,6,3,888,888,0.9,2,1,0,1,0
245,3,20,30,2,,10,2,2,2,2,2,2,1,41,1,1,2,3,6,1,1,2,,2,3,5,10,5
247,3,20,32,2,,17,2,2,2,2,2,2,1,35,2,1,2,3,6,1,888,1,,2,0,4,0,0
242,3,20,33,4,,1,,,,,,,,,,,,,,,,,,,,,,
243,3,20,34,2,,1,2,2,2,2,2,2,1,52,1,1,2,2,7,2,2,1,,3,0,1,0,0
246,3,20,35,2,,31,2,2,2,2,2,2,1,30,2,1,1,3,5,4,2,1,0.8,2,0,1,0,1
244,3,20,36,2,,31,2,1,2,2,2,1,1,27,2,1,2,1,6,3,3,1,0.003,2,0,1,0,1
241,3,20,37,2,,31,2,2,2,2,2,2,1,19,2,1,2,3,7,1,3,2,,1,1,2,1,1
247,3,20,38,2,,,,,,,,,2,,,,,,,,,,,,,,,
247,3,20,39,2,,20,2,2,2,2,2,2,1,25,2,1,2,1,7,1,2,1,0.001,2,0,2,0,1
241,3,20,40,2,,31,2,2,2,2,2,2,1,40,1,1,3,9,100,1,2,2,,2,3,0,0,1
250,3,20,42,2,,1,2,2,2,2,2,2,1,51,1,1,1,3,6,3,1,1,1.4,2,1,0,1,0
246,3,20,43,4,,25,,,,,,,,,,,,,,,,,,,,,,
245,3,20,45,2,,20,2,2,2,2,2,2,1,42,2,1,1,2,1,1,1,1,,3,0,1,0,0
250,3,20,46,2,,1,1,2,2,2,2,2,1,32,2,2,2,2,5,3,2,1,0.02,2,1,2,1,0
246,3,20,47,2,,31,2,2,2,2,2,2,1,24,2,2,2,1,5,3,1,1,0.8,2,0,0,1,1
246,3,20,49,2,,31,2,2,1,2,2,2,1,39,2,1,1,3,100,2,1,1,0.15,2,0,2,0,1
250,3,20,50,4,,1,,,,,,,,,,,,,,,,,,,,,,
245,3,20,51,2,,1,2,2,2,2,2,2,1,32,1,1,2,1,2,3,1,1,,3,1,1,5,2
241,3,20,53,5,37,,,,,,,,,,,,,,,,,,,,,,,
241,3,20,54,1,,,,,,,,,,,,,,,,,,,,,,,,
247,3,20,55,5,55,,,,,,,,,,,,,,,,,,,,,,,
241,3,20,58,2,,31,2,2,2,2,2,2,1,46,2,2,4,888,888,,888,888,,3,0,0,0,0
242,3,20,59,4,,7,,,,,,,,,,,,,,,,,,,,,,
247,3,20,60,2,,20,2,2,2,2,2,2,1,26,1,1,2,1,100,3,1,1,,2,1,0,0,0
250,3,20,61,2,,18,2,2,2,2,2,2,1,31,1,1,2,3,4,3,2,4,0.001,2,1,1,1,3
250,3,20,67,2,,1,2,2,2,2,2,2,1,21,1,1,1,2,1,3,1,1,1,2,1,3,1,0
243,3,20,70,2,,20,2,2,2,2,2,2,1,44,1,1,2,3,5,1,2,1,,3,0,0,1,2
244,3,20,71,5,75,,,,,,,,,,,,,,,,,,,,,,,
246,3,20,73,4,,31,,,,,,,,,,,,,,,,,,,,,,
243,3,20,74,2,,18,2,2,2,2,2,2,1,20,1,1,2,3,3,2,2,3,,3,0,0,0,0
241,3,20,75,2,,31,2,2,2,2,2,2,1,38,1,1,2,3,5,4,6,3,0.5,2,23,0,0,1
302,3,21,2,2,,31,2,2,2,2,2,2,1,24,2,1,1,3,6,4,9,10,1,2,2,2,2,1
302,3,21,9,2,,1,2,2,2,2,2,2,1,26,2,1,2,3,5,4,888,888,888,3,1,3,2,4
301,3,21,11,2,,1,2,2,2,2,2,2,1,30,2,1,2,2,6,3,2,1,,2,0,1,6,8
302,3,21,12,2,,31,2,2,2,2,2,2,1,32,2,1,2,3,2,1,3,888,1,3,3,4,6,3
301,3,21,13,5,81,,,,,,,,,,,,,,,,,,,,,,,
301,3,21,17,2,,1,2,2,2,2,2,2,1,35,2,1,2,2,6,4,1,1,,2,0,1,1,0
307,3,21,19,2,,20,2,2,2,2,2,2,1,25,2,1,2,1,6,3,1,1,,2,0,1,0,0
302,3,21,20,1,,,,,,,,,,,,,,,,,,,,,,,,
305,3,21,22,2,,1,2,2,1,2,2,2,1,23,1,1,2,1,6,1,2,1,0.25,2,1,1,9,1
305,3,21,23,2,,1,2,2,2,2,2,2,1,24,2,2,3,2,6,4,1,2,0.25,2,1,1,6,8
305,3,21,24,2,,1,2,2,2,2,2,2,1,39,1,1,1,2,6,2,1,2,0.25,2,1,1,2,4
307,3,21,26,2,,1,2,2,2,2,2,2,1,30,2,1,2,1,888,,1,1,,2,0,1,0,0
304,3,21,28,2,,1,2,2,2,2,2,2,1,28,2,1,2,888,6,3,888,888,,1,0,2,2,3
305,3,21,36,2,,1,2,2,1,2,2,2,1,39,1,1,2,2,6,3,3,2,0.2,2,2,0,1,2
304,3,21,41,2,,31,2,2,2,2,2,2,1,33,1,1,2,3,6,3,2,2,1.2,2,4,2,8,5
306,3,21,47,2,,1,2,2,2,2,2,2,1,30,2,1,2,2,6,3,1,1,1,2,0,2,2,0
307,3,21,49,2,,7,2,2,2,2,2,2,1,20,1,1,2,3,100,100,1,1,,2,3,0,0,0
301,3,21,52,2,,1,2,2,2,2,2,2,1,33,2,1,2,3,3,4,1,1,1,2,0,1,0,0
306,3,21,65,2,,20,2,2,2,2,2,2,1,22,1,1,2,3,5,4,2,2,1,2,1,1,8,2
306,3,21,66,1,,,,,,,,,,,,,,,,,,,,,,,,
306,3,21,68,2,,7,2,2,1,2,2,2,1,27,2,1,2,3,7,4,1,1,1,2,0,1,5,0
307,3,21,70,2,,1,2,2,2,2,2,2,1,35,2,1,2,3,6,3,888,888,,3,0,1,0,0
329,3,21,75,2,,18,2,2,2,2,2,2,1,28,2,1,2,3,6,3,1,1,,2,0,1,15,0
303,3,21,76,2,,1,1,2,2,2,2,2,1,35,1,1,2,3,6,4,2,1,888,2,1,7,10,5
301,3,21,78,2,,1,2,2,2,2,2,2,1,19,2,1,2,2,7,3,1,1,,1,0,2,1,0
305,3,21,79,1,,,,,,,,,,,,,,,,,,,,,,,,
306,3,21,81,2,,7,2,2,2,2,2,2,1,22,2,1,2,3,4,4,1,1,1,2,1,3,6,0
301,3,21,82,2,,1,2,2,1,2,2,2,1,29,1,1,2,3,6,4,1,1,1,2,0,2,1,0
301,3,21,91,2,,7,2,2,1,2,2,2,1,24,1,1,2,2,6,4,1,2,1,2,3,2,1,0
306,3,21,93,2,,1,2,2,2,2,2,2,1,27,2,1,2,1,3,3,1,1,1,2,0,1,2,1
307,3,21,95,2,,1,2,2,2,2,2,2,1,33,2,1,2,2,7,3,1,1,1,2,0,1,3,0
304,3,21,98,2,,7,2,1,2,2,2,2,1,24,2,1,2,888,100,888,,,1,2,1,2,1,0
305,3,21,99,2,,31,2,2,2,2,2,2,1,32,1,1,2,3,6,1,3,5,0.2,2,0,0,5,8
301,3,21,104,2,,1,2,2,2,2,2,2,1,55,1,1,2,1,6,4,1,1,,1,0,2,0,0
326,3,21,105,2,,1,2,2,2,2,2,2,1,32,1,2,2,3,7,5,6,6,,2,0,0,15,2
304,3,21,113,2,,7,2,2,1,2,2,2,1,36,1,1,2,888,100,3,3,2,1,1,1,2,4,6
306,3,21,114,2,,7,2,2,2,2,2,2,1,45,2,1,2,3,6,4,1,1,1,2,1,3,5,0
306,3,21,116,5,82,,,,,,,,,,,,,,,,,,,,,,,
303,3,21,118,2,,7,2,2,1,2,2,2,1,20,2,1,2,2,6,4,1,1,,2,2,6,10,6
301,3,21,124,2,,20,2,2,2,2,2,2,1,32,2,1,2,3,1,1,2,2,,2,0,4,1,2
326,3,21,125,1,,,,,,,,,,,,,,,,,,,,,,,,
326,3,21,128,2,,27,2,2,2,2,2,2,1,23,2,1,1,3,1,4,1,1,0.25,2,1,1,0,0
321,3,21,132,2,,7,2,2,1,2,2,2,1,26,1,1,1,3,4,100,6,6,0,2,3,12,15,10
301,3,21,134,2,,1,2,2,2,2,2,2,1,40,2,1,2,3,6,4,1,1,1,2,0,1,0,1
304,3,21,138,2,,1,2,1,1,2,2,2,1,32,2,1,2,888,6,5,3,2,888,1,30,10,3,3
301,3,21,141,2,,7,2,2,1,2,2,2,1,42,2,1,2,2,5,3,1,1,1,2,0,1,1,1
306,3,21,147,2,,7,2,2,2,2,2,2,1,25,2,1,2,3,6,2,1,1,1,2,1,4,10,2
306,3,21,148,2,,1,2,2,1,2,2,2,1,24,2,1,2,3,6,4,1,1,1,2,0,2,8,2
303,3,21,150,2,,1,2,2,1,2,2,2,1,32,2,1,1,1,6,4,3,1,,2,1,3,30,10
303,3,21,153,2,,7,1,1,1,2,2,2,1,38,1,1,2,3,6,4,1,1,,2,2,5,10,3
303,3,21,154,2,,1,2,2,1,2,2,2,1,30,1,1,1,2,6,4,2,1,888,2,14,16,200,50
301,4,21,1,1,,,,,,,,,,,,,,,,,,,,,,,,
325,4,21,6,2,,31,2,2,1,2,2,2,1,28,2,1,1,3,5,100,1,1,1,2,0,2,0,0
325,4,21,8,5,101,,,,,,,,,,,,,,,,,,,,,,,
328,4,21,10,2,,20,2,2,2,2,2,2,1,23,2,1,2,2,5,1,2,1,0,2,3,1,0,0
321,4,21,14,2,,1,2,2,2,2,2,2,1,36,2,1,2,2,100,100,1,1,1,1,0,1,2,0
323,4,21,15,2,,7,2,2,1,2,2,2,1,24,2,1,1,1,1,2,1,1,0,2,0,2,0,0
328,4,21,31,2,,31,2,2,2,2,2,2,1,25,2,1,2,1,5,1,2,3,,2,1,2,1,0
302,4,21,32,5,119,,,,,,,,,,,,,,,,,,,,,,,
329,4,21,33,2,,7,2,2,2,2,2,2,1,25,2,1,2,3,100,5,1,888,,2,1,3,8,2
325,4,21,37,2,,1,2,2,2,2,2,2,1,23,2,1,1,2,6,4,1,1,,2,0,3,3,0
328,4,21,39,2,,1,2,2,2,2,2,2,1,38,1,1,3,3,5,3,1,1,0,2,1,1,0,0
328,4,21,44,2,,7,2,2,2,2,2,2,1,24,2,1,2,1,6,1,1,1,0,2,1,0,0,0
326,4,21,56,2,,7,2,2,2,2,2,2,1,59,1,1,2,3,5,4,1,1,0.3,2,2,4,3,2
328,4,21,57,2,,31,2,2,2,2,2,2,1,19,1,1,2,3,2,2,4,4,0,2,1,0,1,0
328,4,21,72,2,,7,1,2,1,2,2,2,1,30,2,1,2,2,7,4,1,1,1,2,0,2,0,0
323,4,21,74,2,,7,2,2,1,2,2,2,1,48,1,1,1,2,6,4,1,1,0.025,2,1,1,0,0
304,4,21,80,1,,,,,,,,,,,,,,,,,,,,,,,,
322,4,21,85,4,,7,,,,,,,,,,,,,,,,,,,,,,
330,4,21,86,2,,7,2,1,1,2,2,2,1,27,2,1,1,3,3,4,1,1,,3,1,2,1,1
324,4,21,87,2,,4,2,2,2,2,2,2,1,30,2,1,1,3,6,4,1,1,1,2,0,8,6,0
330,4,21,92,2,,1,2,2,1,2,2,2,1,29,1,1,1,2,6,4,2,2,1,3,1,1,1,1
323,4,21,97,2,,16,2,2,2,2,2,1,1,60,2,1,1,1,1,1,1,1,0.05,2,0,1,0,0
329,4,21,100,2,,7,2,2,2,2,2,2,1,26,2,1,2,2,100,5,1,1,,2,0,1,5,2
324,4,21,102,2,,1,2,2,2,2,2,2,1,25,2,1,2,3,6,3,4,2,888,3,1,2,5,0
330,4,21,107,2,,7,2,2,1,2,2,2,1,24,2,1,2,1,4,1,1,1,1,2,0,1,1,1
323,4,21,109,2,,7,1,2,2,2,2,1,1,32,2,1,1,3,6,1,2,2,0.001,2,4,9,0,0
321,4,21,112,2,,1,1,1,2,2,2,2,1,19,2,1,1,2,7,5,6,2,888,1,5,4,7,1
328,4,21,115,2,,7,2,2,1,2,2,1,1,36,2,2,3,3,5,3,1,1,0,3,0,1,0,0
321,4,21,119,2,,31,1,1,1,2,2,2,1,24,1,1,1,3,6,4,1,1,1,2,3,5,0,0
324,4,21,120,2,,8,2,2,2,2,2,2,1,20,2,1,1,2,100,4,1,1,1,1,0,3,20,0
326,4,21,121,2,,1,2,2,2,2,2,2,1,28,2,1,2,3,6,1,1,1,0.25,3,0,5,1,0
326,4,21,122,1,,,,,,,,,,,,,,,,,,,,,,,,
322,4,21,123,2,,5,2,2,2,2,2,2,1,54,1,1,2,3,2,1,4,1,1,2,20,0,0,0
321,4,21,126,2,,1,2,2,2,2,2,2,1,20,2,1,2,888,4,4,3,2,1,1,0,6,3,3
324,4,21,127,2,,1,2,2,1,2,2,2,1,23,1,1,2,3,6,4,6,4,1,2,5,3,100,250
328,4,21,130,2,,12,2,2,2,2,2,2,1,28,1,1,1,2,1,1,3,2,0,2,15,10,1,0
329,4,21,131,2,,7,2,2,1,2,2,2,1,29,2,1,2,3,6,4,1,888,,2,0,3,8,5
324,4,21,133,2,,1,2,2,1,2,2,2,1,36,2,1,1,3,6,3,4,2,1,2,0,5,30,20
321,4,21,135,2,,2,2,2,2,2,2,2,1,29,1,1,3,2,6,5,7,6,1,2,14,4,0,0
328,4,21,136,2,,7,1,1,1,2,2,2,1,30,2,1,2,3,5,2,1,1,,2,0,2,0,0
326,4,21,137,5,6,,,,,,,,,,,,,,,,,,,,,,,
306,4,21,139,3,,1,,,,,,,,,,,,,,,,,,,,,,
323,4,21,140,2,,7,1,2,2,2,2,2,1,18,1,2,2,3,5,3,1,1,1,1,1,1,0,1
328,4,21,142,1,,,,,,,,,,,,,,,,,,,,,,,,
323,4,21,143,2,,1,2,2,2,2,2,1,1,35,2,1,1,3,6,1,2,2,0.2,2,0,4,0,1
330,4,21,145,2,,7,2,2,2,2,2,2,1,32,2,1,1,3,5,4,2,1,888,3,1,1,1,1
330,4,21,146,2,,7,2,2,1,2,2,2,1,24,2,1,1,1,7,2,1,1,,2,1,3,1,1
328,4,21,151,2,,7,2,2,1,2,2,2,1,24,1,1,2,3,4,4,2,2,1,2,1,1,1,0
330,4,21,152,2,,7,2,1,1,2,2,2,1,30,2,1,2,3,100,4,2,2,,2,1,2,1,1
